,영화명,개봉일,감독,"API구분(left=kmdb, right=영진위)"
44,19금만남의목적,2016-08-18,,left_only
45,19금만남의목적,2016-09-02,이세일,right_only
61,2012,2009-11-12,롤랜드 에머리히,right_only
62,2012,2013-06-13,,left_only
65,2014지구최후의날,2014-06-11,테리 커닝햄,right_only
66,2014지구최후의날,2014-06-12,,left_only
88,2AMSHOW,2010-12-02,,left_only
89,2AMSHOW,2010-12-09,정성복,right_only
91,2차노출,2013-09-05,,left_only
92,2차노출,2013-09-12,리 위,right_only
93,2차세계대전타임트랙,2016-07-07,,left_only
94,2차세계대전타임트랙,2016-07-21,에밀 에드윈 스미스,right_only
107,400데이즈,2015-11-12,,left_only
108,400데이즈,2015-12-02,매트 오스터만,right_only
112,47미터,2017-07-19,조하네스 로버츠,right_only
113,47미터,2017-07-20,,left_only
117,4명의암살자,2014-12-23,,left_only
118,4명의암살자,2015-01-05,스텐리 J. 오젤,right_only
119,500일의썸머,2010-01-21,마크 웹,right_only
120,500일의썸머,2016-06-29,,left_only
147,6웨이투다이,2017-08-31,,left_only
148,6웨이투다이,2017-09-05,나딤 사우마,right_only
196,LA대지진,2017-03-22,,left_only
197,LA대지진,2017-03-23,데이비드 지달리,right_only
205,O의정사2,2012-01-19,,left_only
206,O의정사2,2012-04-13,카타오카 슈지,right_only
248,가면무도회,2013-06-29,데이비드 알덴,right_only
249,가면무도회,2015-09-12,안드레아 바티스토니,right_only
250,가면무도회,2017-03-05,,right_only
253,가미카제,2017-02-10,마커스 셰이크셰프,right_only
254,가미카제,2017-02-16,,left_only
273,가위수면마비의기억,2015-07-30,,left_only
274,가위수면마비의기억,2015-08-01,로드니 에스쳐,right_only
398,개인교수심화학습,2016-02-18,정태령,right_only
399,개인교수심화학습,2016-07-21,,left_only
410,갱브라더스마지막대결,2018-08-30,,left_only
411,갱브라더스마지막대결,2018-09-10,제임스 마크,right_only
468,건샤이,2018-05-03,,left_only
469,건샤이,2018-05-23,사이먼 웨스트,right_only
475,걷기좋은날,2018-10-11,,left_only
476,걷기좋은날,2018-10-12,박용주,right_only
485,걸온더트레인,2017-03-01,,left_only
486,걸온더트레인,2017-03-09,테이트 테일러,right_only
516,게임의규칙,2017-05-11,,left_only
517,게임의규칙,2017-06-01,가오 시시,right_only
518,겟더걸,2017-08-10,,left_only
519,겟더걸,2017-08-28,에릭 잉글랜드,right_only
562,고딩감독,2014-12-18,맷 존슨,right_only
563,고딩감독,2014-12-26,,left_only
584,고스트소스제로,2019-01-31,,left_only
585,고스트소스제로,2019-02-12,마크 청,right_only
613,곡성,2016-05-11,,left_only
614,곡성,2016-05-12,나홍진,right_only
628,공각기동대어라이즈보더3고스트티어즈,2014-07-10,,left_only
629,공각기동대어라이즈보더3고스트티어즈,2014-07-17,키세 카즈치카,right_only
630,공공의적살인마,2014-07-30,,left_only
631,공공의적살인마,2014-07-31,더글러스 엘포드-아젠트,right_only
634,공모자들,2012-08-29,김홍선,right_only
635,공모자들,2012-08-30,,left_only
639,공자춘추전국시대,2010-02-11,후메이,right_only
640,공자춘추전국시대,2015-06-11,,left_only
712,구르믈버서난달처럼,2010-04-28,이준익,right_only
713,구르믈버서난달처럼,2010-04-29,,left_only
721,구울,2015-09-10,,left_only
722,구울,2015-09-11,페트 자클,right_only
723,구층요탑전설의부활,2017-04-27,,left_only
724,구층요탑전설의부활,2017-05-10,루 추안,right_only
753,굿바이그리고헬로우,2015-12-24,,left_only
754,굿바이그리고헬로우,2015-12-25,한창근,right_only
766,굿파이터,2017-06-01,,left_only
767,굿파이터,2017-06-21,리비 쳉,right_only
793,그것광대의저주,2018-04-05,,left_only
794,그것광대의저주,2018-04-18,아론 머티스,right_only
809,그녀는거짓말을너무사랑해,2018-01-17,,left_only
810,그녀는거짓말을너무사랑해,2018-01-24,코이즈미 노리히로,right_only
825,그녀의비밀,2013-12-17,토모마츠 나오유키,right_only
826,그녀의비밀,2013-12-18,,left_only
830,그녀의섹스테크닉,2015-10-12,코시자카 야스시,right_only
832,그녀의섹스테크닉,2019-02-07,사카모토 레이,right_only
886,그레이트월,2017-02-15,장예모,right_only
887,그레이트월,2017-02-16,,left_only
890,그렌델,2017-11-23,,left_only
891,그렌델,2017-12-01,윤한민,right_only
905,그린인페르노,2017-07-13,,left_only
906,그린인페르노,2017-07-27,일라이 로스,right_only
917,그사람그사랑그세상,2014-11-20,권혁만,right_only
918,그사람그사랑그세상,2015-03-26,,left_only
919,그사람추기경,2014-08-06,전성우,right_only
920,그사람추기경,2014-08-07,,left_only
921,그시절우리가좋아했던소녀,2012-08-22,구파도,right_only
922,그시절우리가좋아했던소녀,2012-08-23,,left_only
924,그여름의정사,2014-07-09,파올로 프란키,right_only
925,그여름의정사,2014-07-10,,left_only
951,극장판도라에몽진구와기적의섬애니멀어드벤처,2012-07-25,쿠스바 고조,right_only
952,극장판도라에몽진구와기적의섬애니멀어드벤처,2012-07-26,,left_only
959,극장판도라에몽진구의인어대해전,2010-07-28,쿠스바 고조,right_only
960,극장판도라에몽진구의인어대해전,2010-07-29,,left_only
971,극장판메탈베이블레이드VS태양작열의침략자솔블레이즈,2011-01-05,스기시마 쿠니히사,right_only
972,극장판메탈베이블레이드VS태양작열의침략자솔블레이즈,2011-01-06,,left_only
1057,근거리연애,2017-09-10,쿠마자와 나오토,right_only
1058,근거리연애,2017-09-14,,left_only
1063,글래디에이터로마영웅탄생의비밀3D,2013-03-14,이기니오 스트라피,right_only
1064,글래디에이터로마영웅탄생의비밀3D,2013-07-25,,left_only
1079,금병매,2010-12-09,,left_only
1080,금병매,2016-09-08,전문기,right_only
1083,금붕어여자,2016-10-27,,left_only
1084,금붕어여자,2016-11-10,이시이 가쿠류,right_only
1095,금지된섹스불륜2,2012-11-15,이숭환,right_only
1096,금지된섹스불륜2,2012-11-22,,left_only
1098,금지된알바,2013-12-31,쿠니 사와,right_only
1099,금지된알바,2014-01-01,,left_only
1123,기생령,2011-08-04,,left_only
1124,기생령,2011-08-05,고석진,right_only
1141,기적의피아노,2017-10-23,드미트리어스 나바로,right_only
1142,기적의피아노,2017-10-26,,left_only
1200,꽃과나비,2012-08-30,,left_only
1201,꽃과나비,2012-09-01,카나자와 카츠지,right_only
1244,나는사랑과시간과죽음을만났다,2017-03-05,데이빗 프랭클,right_only
1245,나는사랑과시간과죽음을만났다,2017-03-29,,left_only
1348,나의선택잊혀진가방그못다한이야기,2010-07-29,,left_only
1349,나의선택잊혀진가방그못다한이야기,2011-11-17,김상철,right_only
1430,남편만몰라요,2015-07-07,고광현,right_only
1431,남편만몰라요,2015-09-30,,left_only
1478,낭만파남편의편지,2012-12-19,,left_only
1479,낭만파남편의편지,2013-09-12,최낙권,right_only
1513,내동생의아내,2016-10-17,카에데,right_only
1514,내동생의아내,2019-01-14,조태호,right_only
1580,내애인의엄마내여자가되던날,2017-08-28,이진,right_only
1581,내애인의엄마내여자가되던날,2017-12-20,,left_only
1596,내여자친구의엄마,2016-06-07,칸바라 이쿠토,right_only
1597,내여자친구의엄마,2018-12-04,김부곤,right_only
1716,네얼간이와장례식,2018-09-14,,left_only
1717,네얼간이와장례식,2018-10-04,마크 램프렐,right_only
1723,네이키드보이즈싱잉,2010-02-01,"로버트 쉬록크,트로이 크리스찬",right_only
1724,네이키드보이즈싱잉,2010-02-08,,left_only
1727,네이키드청춘,2016-08-18,,left_only
1728,네이키드청춘,2016-10-18,래리 클락,right_only
1744,노다메칸타빌레최종악장,2010-01-13,,left_only
1745,노다메칸타빌레최종악장,2011-01-13,"카와무라 야스히로,타케우치 히데키",right_only
1756,노르웨이의숲,2010-09-02,,left_only
1757,노르웨이의숲,2010-09-30,노진수,right_only
1782,노스맨바이킹과늑대군단,2016-04-14,,left_only
1783,노스맨바이킹과늑대군단,2016-04-28,클라우디오 파,right_only
1784,노스페이스,2010-06-02,필립 슈톨츨,right_only
1785,노스페이스,2010-06-03,,left_only
1789,노엘의선물,2015-01-08,,left_only
1790,노엘의선물,2015-02-05,알렉산더 코페르,right_only
1828,논스톱액시던트,2014-06-04,프레드 올렌 레이,right_only
1829,논스톱액시던트,2014-06-05,,left_only
1855,누나친구2,2017-06-01,채준우,right_only
1856,누나친구2,2017-10-17,,left_only
1865,누드모델,2017-06-01,오상원,right_only
1866,누드모델,2017-06-06,박범수,right_only
1879,눈발,2016-03-01,,left_only
1880,눈발,2017-03-01,조재민,right_only
1887,뉴니스,2017-11-02,,left_only
1888,뉴니스,2017-11-09,드레이크 도리머스,right_only
1904,늑대인간더오리지널,2014-08-06,윌리엄 브렌트 벨,right_only
1905,늑대인간더오리지널,2014-08-07,,left_only
1938,님포매니악볼륨1,2014-06-18,라스 폰 트리에,right_only
1939,님포매니악볼륨1,2014-06-19,,left_only
1971,다윗과골리앗,2016-03-07,,left_only
1972,다윗과골리앗,2016-12-29,월리스 브라더스,right_only
2002,다중살인,2014-12-24,,left_only
2003,다중살인,2015-01-12,마이크 메이홀,right_only
2005,다크,2011-07-14,,left_only
2006,다크,2015-04-09,츠지 히로유키,right_only
2028,다크플레이스,2015-07-15,질스 파겟-브레너,right_only
2029,다크플레이스,2015-07-16,,left_only
2031,다크하트,2018-12-14,루돌프 부이텐닥,right_only
2032,다크하트,2018-12-20,,left_only
2045,단지세상의끝,2017-01-18,자비에 돌란,right_only
2046,단지세상의끝,2017-01-19,,left_only
2077,닷핵퀀텀숨겨진몬스터의비밀,2011-08-17,,left_only
2078,닷핵퀀텀숨겨진몬스터의비밀,2011-08-18,타치바나 마사키,right_only
2104,대니쉬걸,2016-02-17,톰 후퍼,right_only
2105,대니쉬걸,2016-02-18,,left_only
2126,대상해,2013-03-21,,left_only
2127,대상해,2013-04-06,왕정,right_only
2142,대한민국1,2010-05-05,조명남,right_only
2143,대한민국1,2010-05-06,,left_only
2172,더데이최후의심판,2017-05-16,조엘 노보아,right_only
2173,더데이최후의심판,2017-05-18,,left_only
2184,더라스트최후의날,2017-09-16,존 클레인,right_only
2185,더라스트최후의날,2017-09-21,,left_only
2186,더라이트악마는있다,2011-04-20,미카엘 하프스트롬,right_only
2187,더라이트악마는있다,2011-04-21,,left_only
2190,더러버스,2017-11-30,,left_only
2191,더러버스,2018-02-13,롤랑 조페,right_only
2216,더머쉰,2014-05-29,,left_only
2217,더머쉰,2014-06-19,카라독 제임스,right_only
2229,더배드넌,2019-01-15,,left_only
2230,더배드넌,2019-01-17,스콧 제프리,right_only
2234,더베일,2017-05-19,브렌트 라이언 그린,right_only
2235,더베일,2017-05-25,,left_only
2240,더봄버최강폭격부대,2015-12-03,,left_only
2241,더봄버최강폭격부대,2015-12-17,비탈리 보로비요브,right_only
2250,더블유엠디대량살상무기,2017-03-02,리차드 핼펀,right_only
2251,더블유엠디대량살상무기,2017-03-09,,left_only
2265,더시그널,2014-07-09,윌리엄 유뱅크,right_only
2266,더시그널,2014-07-10,,left_only
2273,더와처스비기닝,2017-03-31,아르툠 악세넨코,right_only
2274,더와처스비기닝,2017-04-06,,left_only
2283,더웨이브,2016-07-13,로아 우타우,right_only
2284,더웨이브,2016-07-14,,left_only
2287,더이퀄라이저,2015-01-28,안톤 후쿠아,right_only
2288,더이퀄라이저,2015-01-29,,left_only
2303,더콘서트,2010-11-24,,left_only
2304,더콘서트,2010-11-25,라두 미하일레아누,right_only
2306,더콜러,2012-08-09,,left_only
2307,더콜러,2018-12-06,,right_only
2324,더테너리리코스핀토,2014-12-31,김상만,right_only
2325,더테너리리코스핀토,2015-09-07,,left_only
2333,더티로맨스,2017-01-05,,left_only
2334,더티로맨스,2017-01-07,이상우,right_only
2338,더파이터,2012-10-18,,left_only
2339,더파이터,2019-04-04,,left_only
2347,더퍼지,2013-11-06,제임스 드모나코,right_only
2348,더퍼지,2013-11-07,,left_only
2366,더헌터,2010-05-13,,left_only
2367,더헌터,2013-03-20,파코 플라자,right_only
2369,더호드,2017-04-21,자레드 콘,right_only
2370,더호드,2017-04-27,,left_only
2401,데드폴,2013-01-23,스테판 루조비츠키,right_only
2402,데드폴,2013-01-24,,left_only
2413,데몬악령의저주,2017-09-16,란드 보슬러,right_only
2414,데몬악령의저주,2017-09-21,,left_only
2426,데빌데쓰,2016-10-27,,left_only
2427,데빌데쓰,2016-11-09,마크-안드레 샘손,right_only
2442,데스티네이션콘트롤,2019-03-21,,left_only
2443,데스티네이션콘트롤,2019-03-26,다렌 폴 피셔,right_only
2478,도망자2016,2016-12-22,,left_only
2479,도망자2016,2017-01-05,제이슨 모모아,right_only
2539,돈슬립,2017-07-19,필립 구즈먼,right_only
2540,돈슬립,2017-07-26,,left_only
2547,돈지오반니,2012-02-29,마이클 그랑디지,right_only
2548,돈지오반니,2017-01-07,,right_only
2549,돈카를로,2011-03-19,,left_only
2550,돈카를로,2014-05-31,피터 스테인,right_only
2554,돈킬잇악마사냥꾼,2017-08-10,,left_only
2555,돈킬잇악마사냥꾼,2017-08-21,마이크 멘데즈,right_only
2556,돌로레스,2017-08-24,,left_only
2557,돌로레스,2017-09-08,마이클 로젤,right_only
2564,돌아와요부산항애,2018-01-03,,left_only
2565,돌아와요부산항애,2018-01-17,박희준,right_only
2568,돌이킬수없는,2014-09-25,,left_only
2569,돌이킬수없는,2014-10-02,클레르 드니,right_only
2650,두번째엄마,2014-12-31,이민환,right_only
2651,두번째엄마,2015-01-01,,left_only
2658,두아내,2014-03-13,,left_only
2659,두아내,2014-03-17,이숭환,right_only
2683,듀데이트,2010-11-24,토드 필립스,right_only
2684,듀데이트,2010-11-25,,left_only
2696,드래곤기사단,2018-03-08,,left_only
2697,드래곤기사단,2018-03-31,사이먼 웰스,right_only
2726,드론미래전쟁,2017-09-07,릭 로젠탈,right_only
2727,드론미래전쟁,2017-09-21,,left_only
2790,딜레마,2018-05-25,스베토자르 리스토브스키,right_only
2791,딜레마,2018-06-07,,left_only
2801,따라지비열한거리,2015-06-04,,left_only
2802,따라지비열한거리,2015-06-08,신동엽,right_only
2842,뜨겁게젖은사케의비밀,2014-12-23,니시야마 요이치,right_only
2843,뜨겁게젖은사케의비밀,2014-12-24,,left_only
2856,라보엠,2014-08-02,,right_only
2857,라보엠,2014-12-20,로버트 돈헴,right_only
2858,라보엠,2017-10-08,지안드레아 노세다,right_only
2859,라보엠,2018-04-01,,left_only
2880,라스트엑소시즘,2010-12-01,다니엘 스탬,right_only
2881,라스트엑소시즘,2010-12-02,,left_only
2907,라이즈위텔,2018-07-05,,left_only
2908,라이즈위텔,2018-07-20,,right_only
2932,라트라비아타,2012-10-23,윌리 데커,right_only
2933,라트라비아타,2013-07-06,후고 데 아나,right_only
2934,라트라비아타,2015-08-12,페터 콘비츠니,right_only
2935,라트라비아타,2017-01-22,,right_only
2936,라트라비아타,2017-08-05,,right_only
2960,램페이지2워싱턴심판의날,2014-08-13,우베 볼,right_only
2961,램페이지2워싱턴심판의날,2014-08-14,,left_only
2963,램페이지더테러리스트,2014-07-09,우베 볼,right_only
2964,램페이지더테러리스트,2014-07-10,,left_only
2993,러브앤서울복숭아마을도색소동기,2015-07-23,,left_only
2994,러브앤서울복숭아마을도색소동기,2015-07-27,조조 히데오,right_only
3001,러브이즈크라임,2015-05-28,,left_only
3002,러브이즈크라임,2015-05-30,"아르노 라리외,장-마리 라리외",right_only
3035,럭키,2013-05-16,,left_only
3036,럭키,2013-06-19,애비 루트라,right_only
3039,럭키스티프,2017-12-28,,left_only
3040,럭키스티프,2018-01-16,크리스토퍼 애슐리,right_only
3045,런던시계탑밑에서사랑을찾을확률,2015-12-10,,left_only
3046,런던시계탑밑에서사랑을찾을확률,2016-01-28,벤 팔머,right_only
3047,런던잡,2015-06-18,,left_only
3048,런던잡,2015-06-25,사샤 베넷,right_only
3056,런어웨이걸의정사,2014-04-16,아사오 마사히로,right_only
3057,런어웨이걸의정사,2014-04-17,,left_only
3070,레닌그라드900일간의전투,2012-11-29,,left_only
3071,레닌그라드900일간의전투,2013-01-20,알렉산드르 블라브스키,right_only
3074,레드,2010-11-03,로베르트 슈벤트케,right_only
3075,레드,2010-11-04,,left_only
3111,레이드2,2014-07-09,가렛 에반스,right_only
3112,레이드2,2014-07-10,,left_only
3135,레일웨이맨,2014-09-30,,left_only
3136,레일웨이맨,2014-11-11,조나단 텝리츠키,right_only
3141,레전드오브래빗,2012-02-22,순리준,right_only
3142,레전드오브래빗,2012-02-23,,left_only
3157,레터스투줄리엣,2010-10-06,게리 위닉,right_only
3158,레터스투줄리엣,2010-10-07,,left_only
3162,레프트비하인드휴거의시작,2016-07-07,,left_only
3163,레프트비하인드휴거의시작,2016-09-08,빅 암스트롱,right_only
3164,렌델어둠의기사,2017-12-21,,left_only
3165,렌델어둠의기사,2018-01-11,제시 하자,right_only
3205,로미오와줄리엣,2013-09-26,케네스 맥밀란,right_only
3206,로미오와줄리엣,2014-10-23,데이빗 리보스,right_only
3207,로미오와줄리엣,2017-06-03,,right_only
3208,로미오와줄리엣,2018-05-20,위르겐 플림,right_only
3225,로빈슨크루소,2016-09-07,"벤 스타센,빈센트 케스텔루트",right_only
3226,로빈슨크루소,2016-09-08,,left_only
3229,로빈후드리벨리언,2018-11-29,,left_only
3230,로빈후드리벨리언,2018-12-25,니콜라스 윈터,right_only
3238,로스트인더퍼시픽,2017-07-27,,left_only
3239,로스트인더퍼시픽,2017-08-18,빈센트 저우,right_only
3258,로프트,2011-12-08,앙투와네트 베우머,right_only
3259,로프트,2011-12-15,,left_only
3266,론서바이버,2014-04-02,피터 버그,right_only
3267,론서바이버,2014-04-03,,left_only
3278,루나소녀의복수,2018-08-07,칼레드 카이사르,right_only
3279,루나소녀의복수,2018-08-09,,left_only
3283,루살카,2014-05-24,오토 솅크,right_only
3284,루살카,2017-07-01,,right_only
3316,리골레토,2013-09-28,마이클 메이어,right_only
3317,리골레토,2014-12-21,,left_only
3318,리골레토,2018-02-04,,left_only
3344,리본,2018-06-28,,left_only
3345,리본,2018-07-25,시모무라 유지,right_only
3370,리커버리,2016-12-08,,left_only
3371,리커버리,2016-12-22,대럴 위트,right_only
3381,리틀고비,2014-05-29,,left_only
3382,리틀고비,2017-01-02,토니 탕,right_only
3431,마농,2012-10-04,로랑 펠리,right_only
3432,마농,2015-10-21,케네스 맥밀란,right_only
3446,마더스데이,2014-05-29,,left_only
3447,마더스데이,2014-05-30,대런 린 보우즈만,right_only
3470,마마,2011-06-01,최익환,right_only
3471,마마,2011-06-02,,left_only
3472,마마,2013-01-23,안드레스 무시에티,right_only
3473,마마,2013-01-24,,left_only
3478,마법사의제자,2010-07-15,,left_only
3479,마법사의제자,2010-07-21,존 터틀타웁,right_only
3495,마셰티,2011-04-20,,left_only
3496,마셰티,2011-04-21,"로버트 로드리게즈,에단 마니퀴스",right_only
3518,마음이2,2010-07-21,이정철,right_only
3519,마음이2,2010-07-22,,left_only
3527,마이리틀자이언트,2016-08-10,스티븐 스필버그,right_only
3528,마이리틀자이언트,2016-08-11,,left_only
3529,마이리틀히어로,2013-01-09,김성훈,right_only
3530,마이리틀히어로,2013-01-10,,left_only
3538,마이애미대침몰,2014-09-03,,left_only
3539,마이애미대침몰,2014-09-04,토도 채프카노브,right_only
3543,마이웨이,2011-12-21,강제규,right_only
3544,마이웨이,2011-12-22,,left_only
3568,마지막전투,2014-06-19,,left_only
3569,마지막전투,2019-01-10,,left_only
3572,마지막중독,2013-04-17,,left_only
3573,마지막중독,2013-04-19,이세일,right_only
3574,마지막파티,2014-04-29,스티븐 엘리엇,right_only
3575,마지막파티,2014-05-08,,left_only
3624,맘대드,2018-07-18,브라이언 테일러,right_only
3625,맘대드,2018-07-19,,left_only
3629,맛2016삼시색기,2016-11-05,최우성,right_only
3630,맛2016삼시색기,2016-11-09,,left_only
3707,매직마이크,2012-08-01,스티븐 소더버그,right_only
3708,매직마이크,2012-08-02,,left_only
3736,맨발의꿈,2010-06-10,,left_only
3737,맨발의꿈,2010-06-24,김태균,right_only
3743,맨오브저스티스,2017-12-21,,left_only
3744,맨오브저스티스,2018-01-10,마틴-크리스토퍼 보드,right_only
3746,맨온렛지,2012-02-22,애스게르 레스,right_only
3747,맨온렛지,2012-02-23,,left_only
3773,멀린마법전사와용의기사단,2014-06-18,마크 앳킨스,right_only
3774,멀린마법전사와용의기사단,2014-06-19,,left_only
3788,메가포스군단,2014-11-19,할 니담,right_only
3789,메가포스군단,2014-11-20,,left_only
3794,메니에그삶은달걀의복수,2017-05-18,,left_only
3795,메니에그삶은달걀의복수,2017-05-22,졸탄 미클로시,right_only
3824,메이킹패밀리,2016-11-24,,left_only
3825,메이킹패밀리,2016-11-28,조진모,right_only
3828,메인스트리트,2013-03-27,,left_only
3829,메인스트리트,2013-03-28,존 도일,right_only
3849,명검,2014-09-03,,left_only
3850,명검,2014-09-04,담가명,right_only
3861,명탐정코난수평선상의음모,2013-08-07,야마모토 야스이치로,right_only
3862,명탐정코난수평선상의음모,2013-08-08,,left_only
3870,명탐정코난천공의난파선,2010-07-21,야마모토 야스이치로,right_only
3871,명탐정코난천공의난파선,2010-07-22,,left_only
3880,모노거미,2013-03-13,다나 아담 샤피로,right_only
3881,모노거미,2013-03-20,,left_only
3882,모놀리스,2016-04-20,,left_only
3883,모놀리스,2017-04-20,이반 실베스트리니,right_only
3992,몽정애꿈속의여인,2013-12-31,이영화,right_only
3993,몽정애꿈속의여인,2014-01-01,,left_only
4036,무법자,2018-04-17,,left_only
4037,무법자,2018-04-19,르네 페르즈,right_only
4047,무서운이야기,2012-07-25,"정범식,임대웅,홍지영,김곡,김선,민규동",right_only
4048,무서운이야기,2012-07-26,,left_only
4057,무예타이갱,2014-07-02,크리사나퐁 라차타,right_only
4058,무예타이갱,2014-07-03,,left_only
4060,무적의소림쿵푸마스터,2015-07-23,,left_only
4061,무적의소림쿵푸마스터,2015-07-30,두기봉,right_only
4102,뮤직네버스탑,2011-10-20,,left_only
4103,뮤직네버스탑,2011-10-27,짐 콜버그,right_only
4109,미결처리반Q,2016-09-29,,left_only
4110,미결처리반Q,2016-12-03,미켈 노르가드,right_only
4114,미국대지진,2014-07-08,테리 커닝햄,right_only
4115,미국대지진,2014-07-09,,left_only
4142,미라클맨,2014-04-03,,left_only
4143,미라클맨,2014-04-17,마크 러팔로,right_only
4146,미라클프롬헤븐,2016-05-25,패트리시아 리건,right_only
4147,미라클프롬헤븐,2016-05-26,,left_only
4174,미션이스탄불5더파이널,2019-01-03,,left_only
4175,미션이스탄불5더파이널,2019-01-15,크리스티앙 알바트,right_only
4218,미스히스테리,2015-08-13,,left_only
4219,미스히스테리,2016-04-04,곽재용,right_only
4261,미저리고스트,2016-06-23,,left_only
4262,미저리고스트,2016-06-30,마이클 스티브,right_only
4275,미투숨겨진진실,2018-06-29,마현진,right_only
4276,미투숨겨진진실,2018-07-05,,left_only
4290,밀레니엄여자를증오한남자들,2012-01-11,데이빗 핀처,right_only
4291,밀레니엄여자를증오한남자들,2012-01-12,,left_only
4363,바람난아내들,2018-04-24,나가에 타카미,right_only
4364,바람난아내들,2018-10-23,장두만,right_only
4389,바르샤바1944,2015-08-13,,left_only
4390,바르샤바1944,2015-09-03,얀 코마사,right_only
4396,바비,2010-01-28,,left_only
4397,바비,2010-02-04,에밀리오 에스테베즈,right_only
4430,바흐이전의침묵,2010-10-14,,left_only
4431,바흐이전의침묵,2010-10-21,페레 포르타벨라,right_only
4433,박물관이살아있다비밀의무덤,2015-01-14,숀 레비,right_only
4434,박물관이살아있다비밀의무덤,2015-01-15,,left_only
4473,발칙한러브스캔들,2014-01-23,,left_only
4474,발칙한러브스캔들,2014-01-28,존 버제스,right_only
4500,방자전,2010-06-02,김대우,right_only
4501,방자전,2010-06-03,,left_only
4520,배저로와친구들신비한모험,2017-10-12,,left_only
4521,배저로와친구들신비한모험,2017-10-26,"라스무스 A. 실버르센,룬 스파안스",right_only
4531,배틀로얄극악소년원,2014-03-06,,left_only
4532,배틀로얄극악소년원,2014-03-11,오츠키 에이지,right_only
4533,배틀쉽,2012-04-11,피터 버그,right_only
4534,배틀쉽,2012-04-12,,left_only
4536,배틀스쿨,2018-11-29,,left_only
4537,배틀스쿨,2019-02-26,츠치다 준페이,right_only
4543,배틀트립투그리스,2018-04-25,,left_only
4544,배틀트립투그리스,2018-04-26,알렉산더 코페르,right_only
4567,백컨트리야생곰의습격,2015-12-03,,left_only
4568,백컨트리야생곰의습격,2015-12-16,애덤 맥도날드,right_only
4578,뱀파이어걸의정사,2014-05-14,혼다 칸스케,right_only
4579,뱀파이어걸의정사,2014-05-15,,left_only
4585,뱅갱모던러브스토리,2016-07-21,,left_only
4586,뱅갱모던러브스토리,2016-08-25,에바 허슨,right_only
4636,베드,2013-01-17,박철수,right_only
4637,베드,2015-03-12,,left_only
4646,베를린장벽,2014-09-24,크리스찬 슈뵈초브,right_only
4647,베를린장벽,2014-09-25,,left_only
4658,베요네타블러디페이트,2014-04-09,키자키 후미노리,right_only
4659,베요네타블러디페이트,2014-04-10,,left_only
4677,벤데타피의복수,2014-10-22,스테판 레이놀즈,right_only
4678,벤데타피의복수,2014-10-23,,left_only
4697,변강쇠VS어우동,2017-10-18,정진호,right_only
4698,변강쇠VS어우동,2017-10-31,,left_only
4730,보디가드,2012-09-27,,left_only
4731,보디가드,2012-10-05,시디끄,right_only
4738,보리의은밀한사생활,2014-08-05,,left_only
4739,보리의은밀한사생활,2015-09-10,제임스 리,right_only
4749,보이카언디스퓨티드파이널,2017-09-14,,left_only
4750,보이카언디스퓨티드파이널,2017-09-29,토도 채프카노브,right_only
4757,보헤미안걸,2019-01-21,,left_only
4758,보헤미안걸,2019-02-11,도리스 되리에,right_only
4792,부기맨3,2010-09-01,,left_only
4793,부기맨3,2011-09-01,게리 존스,right_only
4811,부러진화살,2012-01-18,정지영,right_only
4812,부러진화살,2012-01-19,,left_only
4854,분노의건샷,2016-12-01,,left_only
4855,분노의건샷,2016-12-14,힐러리안 뱅크스,right_only
4870,분신사바소녀의저주,2017-01-11,황백기,right_only
4871,분신사바소녀의저주,2017-01-12,,left_only
4872,분신사바저주의시작,2014-09-24,,left_only
4873,분신사바저주의시작,2014-09-30,안병기,right_only
4902,불륜동창회,2015-08-13,오타니 야스유키,right_only
4903,불륜동창회,2018-03-02,조태호,right_only
4934,불륜의유혹,2017-06-20,,left_only
4935,불륜의유혹,2017-06-27,이민,right_only
4948,불륜현장,2014-04-02,니자토 다케루,right_only
4949,불륜현장,2014-04-03,,left_only
5025,브림스톤,2017-04-27,,left_only
5026,브림스톤,2018-07-19,마틴 쿨호벤,right_only
5028,브이아이피,2017-08-23,박훈정,right_only
5029,브이아이피,2017-08-24,,left_only
5033,블라인드리벤지,2012-04-19,,left_only
5034,블라인드리벤지,2012-05-04,라울 루이즈,right_only
5042,블랙라이더,2016-11-14,가브리엘 세블로프,right_only
5043,블랙라이더,2016-11-17,,left_only
5058,블랙의50가지그림자,2016-10-05,마이클 티데스,right_only
5059,블랙의50가지그림자,2016-10-20,,left_only
5067,블러드골드트레저헌터,2018-02-01,,left_only
5068,블러드골드트레저헌터,2018-02-02,갤란 코넬,right_only
5070,블러드다이아몬드파이널,2019-02-02,피에르 라파그,right_only
5071,블러드다이아몬드파이널,2019-02-05,,left_only
5073,블러드리벤지,2014-12-22,지오지오 세라피니,right_only
5074,블러드리벤지,2016-02-04,,left_only
5080,블러드스프링,2013-07-04,,left_only
5081,블러드스프링,2013-07-15,패드레이그 레이놀즈,right_only
5091,블레어위치,2016-11-23,아담 윈가드,right_only
5092,블레어위치,2016-11-24,,left_only
5105,블리츠,2011-12-07,엘리어트 레스터,right_only
5106,블리츠,2011-12-08,,left_only
5141,비밀의화방,2013-12-11,,left_only
5142,비밀의화방,2013-12-12,진달래,right_only
5167,비전스,2017-02-23,,left_only
5168,비전스,2017-03-15,케빈 그루터트,right_only
5192,비포위고,2015-11-26,,left_only
5193,비포위고,2015-12-02,크리스 에반스,right_only
5205,빅미라클,2012-02-09,,left_only
5206,빅미라클,2012-02-23,켄 콰피스,right_only
5208,빅뱅,2012-06-21,,left_only
5209,빅뱅,2012-06-28,토니 크란츠,right_only
5215,빅스코어,2018-08-23,,left_only
5216,빅스코어,2018-09-11,노예 산타릴 로페즈,right_only
5225,빈센트,2013-06-27,랄프 후에트너,right_only
5226,빈센트,2015-02-18,,left_only
5230,빈야드레드와인의저주,2016-09-22,,left_only
5231,빈야드레드와인의저주,2016-10-12,제임스 캐츠,right_only
5240,빌리와용감한녀석들치킨히어로,2016-02-17,"가브리엘 리바 팔라시오 알라트리스테,로돌포 리바 팔라시오 알라트리스테",right_only
5241,빌리와용감한녀석들치킨히어로,2016-02-18,,left_only
5262,빼앗긴아내,2017-01-20,나쿠루 하라다,right_only
5263,빼앗긴아내,2018-01-26,크왓치,right_only
5275,뽀로로극장판슈퍼썰매대모험,2013-01-23,박영균,right_only
5276,뽀로로극장판슈퍼썰매대모험,2013-01-24,,left_only
5310,사랑과영혼2016,2016-02-18,,left_only
5311,사랑과영혼2016,2016-03-02,제임스 콕스,right_only
5325,사랑에빠진여자,2017-03-17,토마스 바실레프스키,right_only
5326,사랑에빠진여자,2017-03-23,,left_only
5344,사랑의묘약,2013-03-09,바틀렛 쉐어,right_only
5345,사랑의묘약,2018-07-07,,right_only
5400,사이드이펙트,2018-07-03,"안드레아스 클리멘트,안드레 헤데토프트",right_only
5401,사이드이펙트,2018-07-12,,left_only
5409,사이코메트리,2017-07-13,,left_only
5410,사이코메트리,2017-08-02,토마스 로우스,right_only
5452,사탄의사자망자의저주,2015-08-13,,left_only
5453,사탄의사자망자의저주,2015-09-03,올렉 스텝첸코,right_only
5518,상실의시대,2011-04-20,,left_only
5519,상실의시대,2011-04-21,트란 안 홍,right_only
5537,새아빠,2018-03-16,네지메 지로,right_only
5538,새아빠,2018-06-15,이상민,right_only
5594,새크리파이스,2011-10-13,,left_only
5595,새크리파이스,2015-09-25,마이클 콘,right_only
5614,샌안드레아스,2015-06-03,브래드 페이튼,right_only
5615,샌안드레아스,2015-06-04,,left_only
5641,샷콜러,2018-05-03,,left_only
5642,샷콜러,2018-05-04,릭 로만 워프,right_only
5658,서부의아가씨,2011-04-27,,left_only
5659,서부의아가씨,2019-05-14,,left_only
5705,선셋파크,2018-03-21,제이슨 사레이,right_only
5706,선셋파크,2018-03-29,,left_only
5712,설국열차,2013-07-31,,left_only
5713,설국열차,2013-08-01,봉준호,right_only
5749,성판17남자들의17가지성적판타지,2017-11-13,,left_only
5750,성판17남자들의17가지성적판타지,2017-11-30,송은주,right_only
5775,세븐빌로우,2013-03-27,,left_only
5776,세븐빌로우,2013-03-28,케빈 카러웨이,right_only
5789,세얼간이,2011-08-17,,left_only
5790,세얼간이,2011-08-18,라즈쿠마르 히라니,right_only
5807,세일러복과기관총졸업,2016-08-04,,left_only
5808,세일러복과기관총졸업,2016-08-25,마에다 코지,right_only
5823,섹션제로3구역,2017-11-30,,left_only
5824,섹션제로3구역,2017-12-21,올리비에르 마샬,right_only
5827,섹슈얼어드벤쳐,2015-02-26,,left_only
5828,섹슈얼어드벤쳐,2015-03-20,숀 개리티,right_only
5840,섹스러브앤테라피,2015-08-20,,left_only
5841,섹스러브앤테라피,2015-09-10,토니 마샬,right_only
5848,섹스에드,2016-11-14,아이작 페더,right_only
5849,섹스에드,2016-11-17,,left_only
5911,셜록홈즈그림자게임,2011-12-21,가이 리치,right_only
5912,셜록홈즈그림자게임,2011-12-22,,left_only
5916,셰임,2013-05-09,스티브 맥퀸,right_only
5917,셰임,2013-12-24,,left_only
5927,소녀괴담,2014-07-02,오인천,right_only
5928,소녀괴담,2014-07-03,,left_only
5930,소녀리오의욕망,2014-06-25,후지와라 켄이치,right_only
5931,소녀리오의욕망,2014-06-26,,left_only
5934,소녀의음란한밀회,2014-04-29,카나자와 카츠지,right_only
5935,소녀의음란한밀회,2014-05-01,,left_only
5980,소와함께여행하는법,2010-11-03,임순례,right_only
5981,소와함께여행하는법,2010-11-04,,left_only
6017,송원,2015-04-01,케이트 베커-플로이랜드,right_only
6018,송원,2015-04-02,,left_only
6069,수호지명포영웅호연작,2014-07-29,황조권,right_only
6070,수호지명포영웅호연작,2014-07-30,,left_only
6077,수호지의적유당,2013-11-20,,left_only
6078,수호지의적유당,2013-11-22,류신의,right_only
6103,순천,2014-09-04,이홍기,right_only
6104,순천,2014-09-25,,left_only
6118,숨바꼭질어둠의속삭임,2017-07-20,,left_only
6119,숨바꼭질어둠의속삭임,2017-08-10,루이스 퀼레즈,right_only
6162,슈퍼히어로,2013-07-30,,left_only
6163,슈퍼히어로,2013-07-31,에두와르도 슐츠,right_only
6175,스노우아마겟돈,2015-07-23,쉘든 윌슨,right_only
6176,스노우아마겟돈,2015-07-30,,left_only
6218,스위밍위드맨,2018-10-25,,left_only
6219,스위밍위드맨,2018-10-27,올리버 파커,right_only
6229,스즈미야하루히의소실,2010-11-04,,left_only
6230,스즈미야하루히의소실,2010-11-11,"이시하라 타츠야,타케모토 야스히로",right_only
6251,스콜피온인러브,2014-03-20,,left_only
6252,스콜피온인러브,2014-03-21,산티아고 잔노우,right_only
6282,스타트렉다크니스,2013-05-29,,left_only
6283,스타트렉다크니스,2013-05-30,J.J. 에이브럼스,right_only
6308,스톨른,2013-07-31,사이먼 웨스트,right_only
6309,스톨른,2013-08-01,,left_only
6314,스튜던트,2012-12-20,,left_only
6315,스튜던트,2017-09-07,,left_only
6316,스튜던트서비스,2014-05-30,엠마누엘 베르코,right_only
6317,스튜던트서비스,2014-06-19,,left_only
6337,스트릿오브블러드,2013-09-12,,left_only
6338,스트릿오브블러드,2013-09-13,찰스 윙클러,right_only
6354,스틸앨리스,2015-04-29,"리처드 글랫저,워시 웨스트모어랜드",right_only
6355,스틸앨리스,2015-04-30,,left_only
6364,스파이더대침공,2014-08-05,짐 위노스키,right_only
6365,스파이더대침공,2014-08-06,,left_only
6370,스파이서바이버,2015-10-05,제임스 맥티그,right_only
6371,스파이서바이버,2015-10-23,,left_only
6388,스페셜포스화이트마운틴,,,left_only
6389,스페셜포스화이트마운틴,2018-04-16,알페르 카글라,right_only
6419,슬로베니안걸여대생콜걸,2012-11-29,,left_only
6420,슬로베니안걸여대생콜걸,2013-01-17,데미안 코졸레,right_only
6427,슬립리스크리미널나이트,2017-03-08,바란 보 오다르,right_only
6428,슬립리스크리미널나이트,2017-03-09,,left_only
6446,시니스터스쿼드,2018-12-16,제레미 M. 인맨,right_only
6447,시니스터스쿼드,2018-12-18,,left_only
6448,시니어재즈밴드,2017-09-07,,left_only
6449,시니어재즈밴드,2017-10-01,미야타케 유이,right_only
6451,시럽,2015-04-23,,left_only
6452,시럽,2015-10-15,아람 라파포트,right_only
6463,시선,2014-04-16,이장호,right_only
6464,시선,2014-04-17,,left_only
6523,신고질라,2017-03-08,"안노 히데아키,히구치 신지",right_only
6524,신고질라,2017-03-09,,left_only
6562,신은죽지않았다2,2016-04-07,해롤드 크론크,right_only
6563,신은죽지않았다2,2017-04-13,,left_only
6572,신이말하는대로,2015-05-21,,left_only
6573,신이말하는대로,2015-06-09,미이케 다카시,right_only
6587,신주쿠에로스,2015-01-21,이마오카 신지,right_only
6588,신주쿠에로스,2015-01-22,,left_only
6608,실론세렌디피티,2015-12-10,,left_only
6609,실론세렌디피티,2015-12-14,권중목,right_only
6663,싱글맨,2010-05-27,톰 포드,right_only
6664,싱글맨,2016-09-08,,left_only
6679,써커펀치,2011-04-06,,left_only
6680,써커펀치,2011-04-07,잭 스나이더,right_only
6692,쎄븐플로어,2014-09-12,,left_only
6693,쎄븐플로어,2014-09-15,파트시 아메즈쿠아,right_only
6775,아내의사정,2016-11-03,,left_only
6776,아내의사정,2016-11-29,차윤영,right_only
6784,아내의애인,2015-09-17,,left_only
6785,아내의애인,2015-10-08,소영환,right_only
6786,아내의애인2,2016-12-16,크리센진,right_only
6787,아내의애인2,2018-06-14,조태호,right_only
6820,아노말리타임게이트,2014-12-24,,left_only
6821,아노말리타임게이트,2015-01-12,노엘 클락,right_only
6823,아더와미니모이2셀레니아공주구출작전,2010-07-07,,left_only
6824,아더와미니모이2셀레니아공주구출작전,2010-07-08,뤽 베송,right_only
6828,아더크리스마스,2011-11-24,,left_only
6829,아더크리스마스,2011-11-25,베리 쿡,right_only
6871,아메리칸셰프,2015-01-07,존 파브로,right_only
6872,아메리칸셰프,2015-01-08,,left_only
6873,아메리칸스나이퍼,2015-01-14,클린트 이스트우드,right_only
6874,아메리칸스나이퍼,2015-01-15,,left_only
6906,아브라함링컨VS좀비,2013-09-20,리차드 쉔크만,right_only
6907,아브라함링컨VS좀비,2013-09-26,,left_only
6926,아스널리로디드,2017-09-07,,left_only
6927,아스널리로디드,2017-09-12,스티븐 C. 밀러,right_only
6943,아웃사이더,2014-07-24,김문옥,right_only
6944,아웃사이더,2015-06-21,브라이언 A 밀러,right_only
6954,아이다,2012-12-22,그레이엄 빅,right_only
6955,아이다,2013-08-03,소냐 프리셀,right_only
6956,아이다,2015-07-01,올리비에 피,right_only
6958,아이다,2019-02-02,,right_only
6962,아이돌섹스스캔들,2016-03-16,야마삐,right_only
6963,아이돌섹스스캔들,2016-03-17,,left_only
6968,아이디에이,2012-11-22,크리스티안 E.크리스티안센,right_only
6969,아이디에이,2012-11-29,,left_only
6975,아이스에이지4대륙이동설,2012-07-25,"스티브 마티노,마이크 트메이어",right_only
6976,아이스에이지4대륙이동설,2012-07-26,,left_only
6979,아이스투모로우,2014-06-18,제이슨 부케,right_only
6980,아이스투모로우,2014-06-19,,left_only
6985,아이언걸,2013-01-28,나가미네 마사토시,right_only
6986,아이언걸,2013-01-31,,left_only
7000,아이엠어히어로,2016-09-21,사토 신스케,right_only
7001,아이엠어히어로,2016-09-22,,left_only
7002,아이엠오메가,2014-06-25,그리프 퍼스트,right_only
7003,아이엠오메가,2014-06-26,,left_only
7005,아이오브더스톰,2013-06-13,,left_only
7006,아이오브더스톰,2013-06-15,프레드 쉐피시,right_only
7036,아틀란틱림라이징,2019-01-27,자레드 콘,right_only
7037,아틀란틱림라이징,2019-01-29,,left_only
7065,악령의캠핑카,2018-12-13,,left_only
7066,악령의캠핑카,2018-12-27,톰 나이젤,right_only
7075,악의교전,2013-08-22,,left_only
7076,악의교전,2013-08-29,미이케 다카시,right_only
7079,악인,2011-06-02,,left_only
7080,악인,2011-06-09,이상일,right_only
7095,안녕나의소녀,2018-05-16,사준의,right_only
7096,안녕나의소녀,2018-05-17,,left_only
7129,알리바이닷컴,2018-11-07,필리프 라슈,right_only
7130,알리바이닷컴,2018-11-08,,left_only
7175,애로우헤드,2017-06-01,,left_only
7176,애로우헤드,2017-06-15,제스 오브라이언,right_only
7205,애프터이미지,2015-09-17,,left_only
7206,애프터이미지,2015-10-06,토니 컨,right_only
7211,액트오브워,2018-02-08,리안 M. 케네디,right_only
7212,액트오브워,2018-02-22,,left_only
7220,앤트보이레드퓨리의복수,2017-06-15,애스크 해쎌바르크,right_only
7221,앤트보이레드퓨리의복수,2017-06-29,,left_only
7222,앤트보이초딩히어로의탄생,2017-07-27,애스크 해쎌바르크,right_only
7223,앤트보이초딩히어로의탄생,2017-08-03,,left_only
7245,야누스욕망의두얼굴,2014-08-07,,left_only
7246,야누스욕망의두얼굴,2014-08-14,손영호,right_only
7247,야동보기좋은날,2016-08-05,,left_only
7248,야동보기좋은날,2016-08-08,권문선,right_only
7294,양귀비왕조의여인,2016-03-03,,left_only
7295,양귀비왕조의여인,2016-03-05,"장예모,전장장",right_only
7310,어그레션스케일,2013-06-11,스티븐 C. 밀러,right_only
7311,어그레션스케일,2013-06-12,,left_only
7347,어론인더다크2마녀사냥꾼,2014-05-15,,left_only
7348,어론인더다크2마녀사냥꾼,2015-10-14,"마이클 로쉬,피터 쉬어러",right_only
7372,어린아내,2016-11-17,,left_only
7373,어린아내,2016-11-18,화니,right_only
7374,어린아내,2017-06-20,,right_only
7387,어린여자맛있는관음,2016-06-23,,left_only
7388,어린여자맛있는관음,2016-07-08,이민환,right_only
7396,어린장모,2018-05-11,,left_only
7397,어린장모,2018-05-17,최은정,right_only
7411,어린형수,2016-09-23,최우성,right_only
7412,어린형수,2016-09-28,,left_only
7434,어밴던드,2010-03-25,,left_only
7435,어밴던드,2010-04-01,나초 세르다,right_only
7436,어밴던드,2016-03-02,존 라잉,right_only
7463,어쩌다암살클럽,2017-11-09,,left_only
7464,어쩌다암살클럽,2018-02-13,아틸라 틸,right_only
7475,언노운게스트,2018-11-27,"조나단 엘러스,패트릭 워드 퍼킨스",right_only
7476,언노운게스트,2018-11-29,,left_only
7493,언더월드4어웨이크닝,2012-02-22,"만스 말린드,비욘 스테인",right_only
7494,언더월드4어웨이크닝,2012-02-23,,left_only
7503,언스토퍼블,2010-11-10,토니 스콧,right_only
7504,언스토퍼블,2010-11-11,,left_only
7533,엄마애인,2018-01-29,"정진호,정진호",right_only
7534,엄마애인,2018-02-08,,left_only
7601,엉클분미,2010-09-16,아핏차퐁 위라세타쿤,right_only
7602,엉클분미,2014-02-13,,left_only
7663,에이리언어택2019,2019-02-19,,left_only
7664,에이리언어택2019,2019-02-21,제프 르로이,right_only
7667,에이리언컨버전스,2018-11-27,,left_only
7668,에이리언컨버전스,2018-11-29,롭 팔라티나,right_only
7701,엑소시스트사탄의부활,2018-03-15,,left_only
7702,엑소시스트사탄의부활,2018-03-30,토미 페어클로스,right_only
7735,엘꼰도르빠사,2016-02-25,,left_only
7736,엘꼰도르빠사,2016-02-27,송재용,right_only
7751,엘리스의50가지그림자,2018-12-06,,left_only
7752,엘리스의50가지그림자,2018-12-17,제이미 웨스턴,right_only
7767,엘사앤프레드,2015-10-29,,left_only
7768,엘사앤프레드,2015-12-06,마이클 래드포드,right_only
7774,엣지오브다크니스,2010-06-02,마틴 캠벨,right_only
7775,엣지오브다크니스,2010-06-03,,left_only
7776,엣지오브타임,2014-08-13,,left_only
7777,엣지오브타임,2014-08-14,칼 베사이,right_only
7792,여대생기숙사,2010-06-23,스튜어트 헨들러,right_only
7793,여대생기숙사,2010-06-24,,left_only
7801,여덟번의감정,2010-09-09,,left_only
7802,여덟번의감정,2010-09-30,성지혜,right_only
7876,여자전쟁떠도는눈,2016-08-19,,left_only
7877,여자전쟁떠도는눈,2016-08-22,김동욱,right_only
7883,여자하숙집,2017-05-11,이리단,right_only
7884,여자하숙집,2017-10-17,,left_only
7910,여친엄마,2017-07-06,이리단,right_only
7911,여친엄마,2017-10-17,,left_only
7966,엽문2,2010-06-16,엽위신,right_only
7967,엽문2,2010-06-17,,left_only
7979,영웅,2014-01-02,,left_only
7980,영웅,2014-03-20,,left_only
8015,옆집여자,2017-05-24,아마엔보 쇼군,right_only
8016,옆집여자,2017-06-20,마의성,right_only
8028,예루살렘Z좀비와의전쟁,2016-05-19,,left_only
8029,예루살렘Z좀비와의전쟁,2016-06-02,"요아브 파즈,도론 파즈",right_only
8097,오브라더오시스터,2015-03-05,,left_only
8098,오브라더오시스터,2015-03-21,니시다 마사후미,right_only
8106,오션스,2010-07-28,"자끄 페렝,자크 클로드",right_only
8107,오션스,2010-07-29,,left_only
8109,오션월드3D,2010-08-11,장-자크 망텔로,right_only
8110,오션월드3D,2010-08-12,,left_only
8133,오텔로,2013-04-13,엘리시아 모신스키,right_only
8134,오텔로,2013-12-21,정명훈,right_only
8135,오텔로,2016-03-05,바틀렛 셔,right_only
8136,오텔로,2017-04-16,크리스티안 틸레만,right_only
8171,온리더브레이브,2018-02-28,,left_only
8172,온리더브레이브,2018-03-07,조셉 코신스키,right_only
8178,온천장의은밀한정사,2013-10-16,아이조메 쿄코,right_only
8179,온천장의은밀한정사,2013-10-17,,left_only
8192,올리고당더무비,2017-06-15,,left_only
8193,올리고당더무비,2017-07-04,노진수,right_only
8207,옹박리턴즈오브레전드,2014-11-27,,left_only
8208,옹박리턴즈오브레전드,2014-12-11,프라챠 핀카엡,right_only
8250,완전범죄프로젝트,2013-12-18,,left_only
8251,완전범죄프로젝트,2013-12-19,애드리언 그런버그,right_only
8258,완전한사육소원을말해봐,2016-06-01,박범수,right_only
8259,완전한사육소원을말해봐,2016-06-02,,left_only
8284,외도,2016-07-14,최우성,right_only
8285,외도,2016-07-19,,left_only
8351,용서는없다,2010-01-07,김형준,right_only
8352,용서는없다,2010-01-10,,left_only
8400,우리사랑하는동안,2014-09-11,,left_only
8401,우리사랑하는동안,2014-09-13,캣 코이로,right_only
8450,울프,2015-03-05,,left_only
8451,울프,2015-03-25,짐 타이후투,right_only
8466,워리어스레인보우2최후의결전,2014-07-07,위덕성,right_only
8467,워리어스레인보우2최후의결전,2014-07-09,,left_only
8470,워리어스웨이,2010-12-01,이승무,right_only
8471,워리어스웨이,2010-12-02,,left_only
8488,원나잇스캔들모닝애프터,2016-08-05,산라 J. 켈,right_only
8489,원나잇스캔들모닝애프터,2016-08-11,,left_only
8496,원더우먼,2017-05-31,팻티 젠킨스,right_only
8497,원더우먼,2017-06-02,,left_only
8505,원령,2015-08-12,,left_only
8506,원령,2015-08-13,동역견,right_only
8522,원초적비디오테이프,2018-07-18,세바스티안 페릴로,right_only
8523,원초적비디오테이프,2018-07-19,,left_only
8538,월드워핵전쟁의서막,2019-02-14,,left_only
8539,월드워핵전쟁의서막,2019-03-07,A.K. 스트롬,right_only
8542,월스트리트머니네버슬립스,2010-09-23,,left_only
8543,월스트리트머니네버슬립스,2010-10-21,올리버 스톤,right_only
8547,월터의상상은현실이된다,2013-12-31,벤 스틸러,right_only
8548,월터의상상은현실이된다,2017-12-27,,left_only
8555,웨딩스캔들,2012-08-30,,left_only
8556,웨딩스캔들,2012-09-06,신동엽,right_only
8558,웨이백,2010-03-17,,left_only
8559,웨이백,2011-03-17,피터 위어,right_only
8599,위스키탱고폭스트롯,2016-11-10,"글렌 피카라,존 레쿼",right_only
8600,위스키탱고폭스트롯,2016-11-16,,left_only
8635,위험한여자,2010-05-14,,left_only
8636,위험한여자,2010-07-11,카타오카 슈지,right_only
8639,위험한유혹,2012-09-01,이사카와 히토시,right_only
8640,위험한유혹,2016-12-28,제임스 프랭코,right_only
8669,유령작가,2010-06-02,로만 폴란스키,right_only
8670,유령작가,2010-06-03,,left_only
8678,유부녀감금일기,2014-01-22,칸바라 이쿠토,right_only
8679,유부녀감금일기,2014-01-23,,left_only
8781,은교,2012-04-25,정지우,right_only
8782,은교,2012-04-26,,left_only
8793,은밀한사육,2014-05-28,카와노 고우시,right_only
8794,은밀한사육,2014-05-29,,left_only
8909,이그지스트,2015-02-05,,left_only
8910,이그지스트,2015-02-23,에두아르도 산체스,right_only
8912,이끼,2010-07-14,강우석,right_only
8913,이끼,2010-07-15,,left_only
8976,이웃사람,2012-08-22,김휘,right_only
8977,이웃사람,2012-08-23,,left_only
8998,이채담의지스팟,2017-10-24,,left_only
8999,이채담의지스팟,2017-10-26,박주영,right_only
9001,이층의악당,2010-11-24,손재곤,right_only
9002,이층의악당,2010-11-25,,left_only
9026,익스트림스키야키,2014-07-24,,left_only
9027,익스트림스키야키,2014-07-25,마에다 시로,right_only
9037,익스펜더블에셋,2017-03-23,,left_only
9038,익스펜더블에셋,2017-03-29,티노 스트럭맨,right_only
9047,인더블러드,2014-10-01,존 스톡웰,right_only
9048,인더블러드,2014-10-08,,left_only
9061,인류멸망보고서,2012-04-05,,left_only
9062,인류멸망보고서,2012-04-11,김지운,right_only
9066,인베이젼스펙터,2014-08-06,조던 그레이엄,right_only
9067,인베이젼스펙터,2014-08-07,,left_only
9075,인사이드워,2017-01-23,"브렛 바벨,드류 바벨",right_only
9076,인사이드워,2017-01-26,,left_only
9086,인서클,2018-02-12,"조니 헌,이안 맨슨",right_only
9087,인서클,2018-02-22,,left_only
9088,인셉션,2010-07-15,,left_only
9089,인셉션,2010-07-21,크리스토퍼 놀란,right_only
9092,인시디어스,2012-09-06,,left_only
9093,인시디어스,2012-09-13,제임스 완,right_only
9118,인투더샤크스톰,2018-07-14,안소니 C. 페란트,right_only
9119,인투더샤크스톰,2018-07-17,,left_only
9122,인트루더낯선침입자,2016-10-13,,left_only
9123,인트루더낯선침입자,2016-10-20,트래비스 자리니,right_only
9136,일개인적무림,2015-04-16,,left_only
9137,일개인적무림,2015-05-07,진덕삼,right_only
9184,일트로바토레,2014-09-20,다니엘 바렌보임,right_only
9185,일트로바토레,2016-01-16,마르코 아르밀리아토,right_only
9263,잔다라더피날레,2014-04-24,,left_only
9264,잔다라더피날레,2014-05-01,M.L. 반데바노프 데바쿤,right_only
9267,잔혹동화헌팅오브엘레나,2013-08-21,"크리스티안 비세글리아,아스카니오 말가리니",right_only
9268,잔혹동화헌팅오브엘레나,2013-08-22,,left_only
9280,잠베지아신비한나무섬의비밀,2012-12-25,웨인 쏜리,right_only
9281,잠베지아신비한나무섬의비밀,2012-12-26,,left_only
9283,잠자는숲속의미녀,2012-05-03,카트린느 브레이야,right_only
9284,잠자는숲속의미녀,2013-10-17,마리우스 프티파,right_only
9285,잠자는숲속의미녀,2017-08-23,,left_only
9286,잠자는숲속의미녀와야수,2014-07-15,캐스퍼 반 디엔,right_only
9287,잠자는숲속의미녀와야수,2014-07-16,,left_only
9325,잭과자이언트킬러2014,2014-07-01,마크 앳킨스,right_only
9326,잭과자이언트킬러2014,2014-07-02,,left_only
9352,적과의동침,2011-04-27,박건용,right_only
9353,적과의동침,2011-04-28,,left_only
9359,적인걸측천무후의비밀,2010-10-06,서극,right_only
9360,적인걸측천무후의비밀,2010-10-07,,left_only
9377,전망좋은하우스관음적욕망,2013-11-20,,left_only
9378,전망좋은하우스관음적욕망,2013-11-21,진달래,right_only
9428,젊은새엄마,2016-05-17,칸바라 이쿠토,right_only
9429,젊은새엄마,2016-12-15,김정오,right_only
9441,젊은엄마,2013-07-31,,left_only
9442,젊은엄마,2013-08-06,공자관,right_only
9521,정사,2014-10-30,김정환,right_only
9522,정사,2014-12-11,,left_only
9564,정사은밀한밀애,2016-08-11,,left_only
9565,정사은밀한밀애,2016-08-16,이재상,right_only
9673,조선안방스캔들칠거지악,2015-09-15,이전,right_only
9674,조선안방스캔들칠거지악,2015-09-17,,left_only
9715,좀비파이트클럽,2015-01-15,전인호,right_only
9716,좀비파이트클럽,2015-01-25,,left_only
9717,좀비헌터,2017-08-24,,left_only
9718,좀비헌터,2017-09-08,하미드 토라브푸르,right_only
9765,죽음의리무진,2018-08-16,,left_only
9766,죽음의리무진,2018-09-06,하리츠 쥬빌라가,right_only
9778,줄리아엑스,2013-07-11,,left_only
9779,줄리아엑스,2013-07-16,P.J. 페티에트,right_only
9822,지구침략기계들의반란,2015-07-27,짐 위노스키,right_only
9823,지구침략기계들의반란,2015-07-30,,left_only
9837,지상최고의아빠,2013-12-12,,left_only
9838,지상최고의아빠,2013-12-24,밥 골드스웨이트,right_only
9842,지알로,2012-06-05,,left_only
9843,지알로,2012-06-14,다리오 아르젠토,right_only
9845,지오쓰나미,2018-11-27,,left_only
9846,지오쓰나미,2018-11-29,썬더 레빈,right_only
9906,짓,2013-09-25,한종훈,right_only
9907,짓,2013-09-26,,left_only
9962,착한엄마무삭제,2018-01-25,강정훈,right_only
9963,착한엄마무삭제,2018-03-16,이리단,right_only
10041,창녀와크리스마스,2014-12-10,페트라 비온디아 볼페,right_only
10042,창녀와크리스마스,2014-12-11,,left_only
10054,챌린지게임,2016-02-29,,left_only
10055,챌린지게임,2016-08-18,원석호,right_only
10060,챔피언프로그램,2015-10-28,스티븐 프리어스,right_only
10061,챔피언프로그램,2015-10-29,,left_only
10143,첫경험,2015-02-12,미치하라 세이징,right_only
10144,첫경험,2018-01-10,"김태수,김태수",right_only
10165,청원,2011-11-02,산제이 렐라 반살리,right_only
10166,청원,2017-03-16,,left_only
10189,체인징사이드부부탐구생활,2012-09-20,,left_only
10190,체인징사이드부부탐구생활,2012-10-04,파스칼 포자두,right_only
10192,체크포인트,2017-08-29,,right_only
10193,체크포인트,2017-09-07,,left_only
10216,초한지천하대전,2012-01-11,이인항,right_only
10217,초한지천하대전,2012-01-12,,left_only
10306,치한전철속불륜,2014-01-25,진노 후토시,right_only
10307,치한전철속불륜,2014-01-29,,left_only
10341,친구엄마,2015-08-29,카타오카 슈지,right_only
10342,친구엄마,2015-11-12,공자관,right_only
10423,카2,2011-07-20,존 라세터,right_only
10424,카2,2011-07-21,,left_only
10426,카니발,2014-10-15,,left_only
10427,카니발,2014-11-03,마누엘 마틴 쿠엔카,right_only
10432,카르멘,2010-04-04,,left_only
10433,카르멘,2012-11-10,안드리스 넬슨스,right_only
10434,카르멘,2015-04-11,"매튜 다이아몬드,파블로 헤라스 카사도",right_only
10435,카르멘,2015-12-07,프란체스코 로시,right_only
10436,카르멘,2016-02-03,칼릭스토 비에이토,right_only
10437,카르멘,2018-07-01,카스퍼 홀텐,right_only
10448,카발레리아루스티카나팔리아치,2015-11-21,,right_only
10449,카발레리아루스티카나팔리아치,2016-03-13,필립 슈톨츨,right_only
10455,카운트다운,2015-12-03,나타우트 푼프리야,right_only
10456,카운트다운,2016-11-22,존 스톡웰,right_only
10457,카운트다운,2016-11-24,,left_only
10458,카운트다운쇼크웨이브,2018-11-29,,left_only
10459,카운트다운쇼크웨이브,2018-12-19,닉 라이온,right_only
10467,카즈미바디미션,2012-02-09,,left_only
10468,카즈미바디미션,2012-08-30,와타베 세이치,right_only
10498,캐빈피버블러디홀리데이,2016-11-17,,left_only
10499,캐빈피버블러디홀리데이,2016-12-01,트래비스 자리니,right_only
10500,캐빈피버페이션트제로,2016-11-03,,left_only
10501,캐빈피버페이션트제로,2016-11-17,카리 앤드류스,right_only
10514,캠퍼스오바마전쟁,2015-12-24,,left_only
10515,캠퍼스오바마전쟁,2016-01-12,저스틴 시미엔,right_only
10547,컨저링마녀의인형,2018-08-14,,left_only
10548,컨저링마녀의인형,2018-08-16,로렌스 파울러,right_only
10552,컨택트킬좀비,2014-08-20,더스틴 리커트,right_only
10553,컨택트킬좀비,2014-08-21,,left_only
10569,컴투게더,2017-05-18,,right_only
10570,컴투게더,2017-05-25,,left_only
10588,코드오브아너,2016-10-12,마이클 위닉,right_only
10589,코드오브아너,2016-10-13,,left_only
10604,코지판투테,2014-09-20,제임스 레바인,right_only
10605,코지판투테,2018-10-06,,right_only
10613,콜걸,2013-03-29,,left_only
10614,콜걸,2014-12-23,마이클 마키마인,right_only
10632,콜롬비아나,2011-08-31,올리비에 메가턴,right_only
10633,콜롬비아나,2011-09-01,,left_only
10643,콩스컬아일랜드,2017-03-08,조던 복트-로버츠,right_only
10644,콩스컬아일랜드,2017-03-09,,left_only
10655,쾌락지구,2012-09-13,,left_only
10656,쾌락지구,2012-09-17,전국위,right_only
10658,쾌락지구3,2015-07-09,,left_only
10659,쾌락지구3,2015-07-24,전국위,right_only
10660,쾌락지구X,2015-06-24,구작문,right_only
10661,쾌락지구X,2015-06-25,,left_only
10671,쿠티스,2017-12-07,,left_only
10672,쿠티스,2017-12-27,"조나단 밀롯,캐리 멀니온",right_only
10700,크래쉬랜딩,2014-07-08,짐 위노스키,right_only
10701,크래쉬랜딩,2014-07-09,,left_only
10716,크로스라인,2013-04-03,,left_only
10717,크로스라인,2013-04-05,R. 엘리스 프레이저,right_only
10725,크리미널,2016-06-22,아리엘 브로멘,right_only
10726,크리미널,2016-06-23,,left_only
10753,클로버필드10번지,2016-04-06,,left_only
10754,클로버필드10번지,2016-04-07,댄 트라첸버그,right_only
10783,킥복서리턴즈,2016-11-17,,left_only
10784,킥복서리턴즈,2016-12-01,존 스톡웰,right_only
10793,킬러스,2010-08-19,,left_only
10794,킬러스,2010-09-02,로버트 루게틱,right_only
10800,킬러인사이드미,2010-07-07,"마이클 윈터바텀,존 커랜",right_only
10801,킬러인사이드미,2010-07-08,,left_only
10868,타이치2히어로,2014-07-23,,left_only
10869,타이치2히어로,2014-07-24,풍덕륜,right_only
10889,타임트랩킬러,2019-03-05,,left_only
10890,타임트랩킬러,2019-03-07,저스틴 루이스,right_only
10901,탄호이저,2016-05-07,,right_only
10902,탄호이저,2017-05-28,,right_only
10912,탐정당인차이나타운살인사건,2016-10-27,,left_only
10913,탐정당인차이나타운살인사건,2018-03-08,진사성,right_only
10929,태양아래,2016-04-27,비탈리 만스키,right_only
10930,태양아래,2016-04-28,,left_only
10936,태평륜,2016-07-21,,left_only
10937,태평륜,2016-08-12,오우삼,right_only
10938,태평륜피안,2016-08-18,,left_only
10939,태평륜피안,2016-09-22,오우삼,right_only
10940,태풍이지나가고,2016-07-27,고레에다 히로카즈,right_only
10941,태풍이지나가고,2016-07-28,,left_only
10944,택시나이트페어,2016-02-18,,left_only
10945,택시나이트페어,2016-03-02,줄리앙 세리,right_only
10964,터미널,2016-09-08,,left_only
10965,터미널,2019-05-30,,left_only
10969,터미네이터솔저,2019-03-17,앤드류 벨웨어,right_only
10970,터미네이터솔저,2019-03-19,,left_only
11027,토마스와친구들극장판2,2010-06-10,그렉 티어넌,right_only
11028,토마스와친구들극장판2,2010-06-17,,left_only
11038,토스카,2013-04-13,루크 본디,right_only
11039,토스카,2014-03-15,루크 본디,right_only
11042,토스카,2018-05-05,,right_only
11043,토스카,2018-07-01,,left_only
11064,톰하디의도망자,2013-02-21,,left_only
11065,톰하디의도망자,2013-02-25,마틴 허버티,right_only
11066,톰행크스의일렉트릭시티,2014-06-11,톰 행크스,right_only
11067,톰행크스의일렉트릭시티,2014-06-12,,left_only
11078,투란도트,2016-02-07,마르코 아르투로 마렐리,right_only
11079,투란도트,2016-07-02,,right_only
11080,투란도트,2018-08-26,스테파노 포다,right_only
11087,투모로우랜드,2015-05-27,브래드 버드,right_only
11088,투모로우랜드,2015-05-28,,left_only
11099,투타이거,2013-09-26,산드로 세카,right_only
11100,투타이거,2013-09-30,,left_only
11108,툼인베이더,2019-02-03,제임스 토마스,right_only
11109,툼인베이더,2019-02-05,,left_only
11117,트랜센던스,2014-05-14,월리 피스터,right_only
11118,트랜센던스,2014-05-15,,left_only
11119,트랜스머신만테라,2014-07-15,"알리야르 알리 커티,미자 모하메드",right_only
11120,트랜스머신만테라,2014-07-16,,left_only
11147,트루스오어데어,2018-05-22,제프 와드로,right_only
11148,트루스오어데어,2018-05-24,,left_only
11159,트릭,2017-06-08,닐 호너,right_only
11160,트릭,2017-06-15,,left_only
11172,특별수사대,2017-03-23,루치아노 세이버,right_only
11173,특별수사대,2017-03-30,,left_only
11210,파도가지나간자리,2017-03-08,데릭 시엔프랜스,right_only
11211,파도가지나간자리,2017-03-09,,left_only
11269,파우스트,2012-06-19,데스 맥가너프,right_only
11271,파우스트,2015-09-09,장-루이 마르티노티,right_only
11272,파우스트,2016-09-03,지안드레아 노세다,right_only
11282,파이널데스티네이션5,2011-09-07,,left_only
11283,파이널데스티네이션5,2011-09-08,스티븐 쿼일,right_only
11334,팜스윙스스와핑클럽,2017-12-21,,left_only
11335,팜스윙스스와핑클럽,2018-01-25,션 회쓰리,right_only
11340,패딩턴,2015-01-07,폴 킹,right_only
11341,패딩턴,2015-01-08,,left_only
11358,팩트살인,2017-12-23,,right_only
11359,팩트살인,2017-12-28,,left_only
11361,팬더와친구들의모험,2013-08-22,,left_only
11362,팬더와친구들의모험,2013-08-24,다카하타 이사오,right_only
11390,퍼펙트,2013-09-25,닐스 아르덴 오플레브,right_only
11391,퍼펙트,2013-09-26,,left_only
11396,퍼펙트크라임,2017-02-23,,left_only
11397,퍼펙트크라임,2017-03-14,오우사 쿤,right_only
11419,페이스오브데블,2017-10-12,프랭크 페레즈-가랜드,right_only
11420,페이스오브데블,2017-10-19,,left_only
11476,포에트리브로셀,2017-03-01,,left_only
11477,포에트리브로셀,2017-03-03,에리카 러스트,right_only
11484,포제션중독된사랑,2015-06-18,,left_only
11485,포제션중독된사랑,2015-06-21,"조엘 버그발,시몬 샌드퀴스트",right_only
11519,폰티풀,2011-03-24,,left_only
11520,폰티풀,2011-03-26,브루스 맥도널드,right_only
11534,폴리캅,2017-09-14,,left_only
11535,폴리캅,2017-09-26,조 헨린,right_only
11540,폴터가이스트액티비티,2017-03-10,앤드류 존스,right_only
11541,폴터가이스트액티비티,2017-03-23,,left_only
11596,프레데터스,2010-07-08,,left_only
11597,프레데터스,2010-08-26,님로드 안탈,right_only
11598,프레셔,2015-11-19,,left_only
11599,프레셔,2015-12-06,론 스캘펠로,right_only
11628,프리랜서스,2018-02-01,,left_only
11629,프리랜서스,2018-02-21,제시 테레로,right_only
11639,플라스틱섹스,2012-01-18,,left_only
11640,플라스틱섹스,2012-12-26,이숭환,right_only
11644,플라이보이스,2013-10-31,,left_only
11645,플라이보이스,2013-11-02,로코 데빌리어스,right_only
11647,플라이트7500,2014-11-25,,left_only
11648,플라이트7500,2014-12-16,시미즈 다카시,right_only
11650,플라이페이퍼,2012-03-20,,left_only
11651,플라이페이퍼,2013-03-20,롭 민코프,right_only
11662,플래쉬운즈,2012-09-27,댄 가르시아,right_only
11663,플래쉬운즈,2012-10-11,,left_only
11665,플랜B,2010-06-17,알란 폴,right_only
11666,플랜B,2010-07-01,,left_only
11670,플러쉬,2014-03-27,,left_only
11671,플러쉬,2014-04-17,캐서린 하드윅,right_only
11675,플레이백,2013-03-28,,left_only
11676,플레이백,2013-03-29,마이클 A. 니클즈,right_only
11687,피가로의결혼,2015-02-21,,right_only
11688,피가로의결혼,2016-05-22,스벤-에릭 베히톨프,right_only
11698,피라냐3DD,2012-08-01,존 걸레거,right_only
11699,피라냐3DD,2013-08-14,,left_only
11732,피터래빗,2018-05-16,윌 글럭,right_only
11733,피터래빗,2018-05-17,,left_only
11751,필동,2018-02-28,,left_only
11752,필동,2018-08-09,필동,right_only
11766,핑거프린트,2010-04-22,,left_only
11767,핑거프린트,2010-04-29,해리 바실,right_only
11791,하나와앨리스살인사건,2015-05-27,이와이 슌지,right_only
11792,하나와앨리스살인사건,2015-05-28,,left_only
11801,하늘을걷는남자,2015-10-28,로버트 저메키스,right_only
11802,하늘을걷는남자,2015-10-29,,left_only
11851,하우투플랜언오지인어스몰타운,2016-11-14,제레미 라론드,right_only
11852,하우투플랜언오지인어스몰타운,2016-11-17,,left_only
11873,하이힐,2014-06-03,장진,right_only
11874,하이힐,2014-06-04,,left_only
11889,하하하,2010-05-05,홍상수,right_only
11890,하하하,2010-05-06,,left_only
11939,할수있는자가구하라,2010-05-24,,left_only
11940,할수있는자가구하라,2012-02-04,,left_only
11942,핫섹토크,2015-10-27,,left_only
11943,핫섹토크,2015-11-03,이전,right_only
11951,해결사,2013-01-24,니쉬칸트 카마트,right_only
11952,해결사,2017-09-14,아칸 사타예브,right_only
11968,해적말라카해안의위협,2013-02-27,,left_only
11969,해적말라카해안의위협,2013-02-28,아순 마와르디,right_only
11991,해피프렌치섹스,2015-09-02,조르당 골드나델,right_only
11992,해피프렌치섹스,2015-09-03,,left_only
11999,햄릿,2010-06-12,,left_only
12000,햄릿,2016-11-24,린지 터너,right_only
12003,행맨,2017-06-29,,left_only
12004,행맨,2017-07-12,아담 메이슨,right_only
12031,허삼관,2015-01-14,하정우,right_only
12032,허삼관,2015-01-15,,left_only
12056,헤드샷,2017-08-24,,left_only
12057,헤드샷,2017-09-01,"키모 스탐보엘,티모 타잔토",right_only
12061,헤리티지오브러브,2018-07-19,,left_only
12062,헤리티지오브러브,2018-07-31,유리 바실리에프,right_only
12070,헤이세이미망인하숙집관리인을노려라,2013-01-18,에노모토 토시로,right_only
12071,헤이세이미망인하숙집관리인을노려라,2013-01-24,,left_only
12087,헨젤과그레텔2014,2014-09-30,안소니 C. 페란트,right_only
12088,헨젤과그레텔2014,2014-10-01,,left_only
12118,형,2016-11-23,권수경,right_only
12119,형,2016-11-24,,left_only
12145,혜원아사랑해,2012-03-29,김기현,right_only
12146,혜원아사랑해,2013-03-29,,left_only
12158,호비와동화나라대모험,2016-12-05,,left_only
12159,호비와동화나라대모험,2016-12-08,히라바야시 이사무,right_only
12184,호텔플라워즈,2014-01-23,,left_only
12185,호텔플라워즈,2014-02-08,오츠키 에이지,right_only
12186,호프로스트,2015-10-01,,left_only
12187,호프로스트,2015-10-08,데이빗 페트루치,right_only
12189,호프만이야기,2015-08-22,바틀렛 셔,right_only
12190,호프만이야기,2017-07-19,,left_only
12219,홈프론트가족을지켜라,2014-06-18,게리 플레더,right_only
12220,홈프론트가족을지켜라,2014-06-19,,left_only
12286,황제를위하여,2014-06-11,박상준,right_only
12287,황제를위하여,2014-06-12,,left_only
12363,히든페이스,2014-09-12,,left_only
12364,히든페이스,2014-09-17,안드레스 바이즈,right_only
