,0
0,007 북경특급 2.json
1,09월 11일.json
2,10 아이템 오어 레스.json
3,"10,000km(만 킬로미터).json"
4,19금 섹스비디오 무삭제 감독판.json
5,19금 섹스의 늪 무삭특별판.json
6,19금 특별한 정사 무삭제 특별판.json
7,2008 서태지 심포니 위드 톨가 카쉬프 로열필하모닉.json
8,2014 지구 최후의 날.json
9,20세기 소년 ; 최종장 - 우리들의 깃발.json
10,3분 파트너-무삭제.json
11,400번의 구타.json
12,500일의 썸머.json
13,8인 최후의 결사단.json
14,G-포스 기니피그 특공대.json
15,H2 어느 살인마의 가족이야기.json
16,K-20 괴도가면.json
17,O양 비디오의 정사.json
18,O의 정사2.json
19,P.S 온리 유.json
20,P.S. 걸 무삭제.json
21,S 중독.json
22,S 중독자의 고백.json
23,sm 헌터.json
24,SM작가.json
25,가루지기 변강쇠 더 비기닝 - 무삭제판.json
26,가슴 배구단.json
27,가슴 사무라이-이단의 역습.json
28,가슴큰누나들-무삭제.json
29,가을 소나타.json
30,가자! 장미여관으로 3 - 방황 무삭제 감독판.json
31,가정교사 앞집 아줌마의 수업.json
32,가정교사의 위험한 방문.json
33,가정교사의 질투.json
34,가정부  맛있는 서비스 무삭제.json
35,가정부의 목적 무삭제판.json
36,가져선 안될 비밀.json
37,가필드 펫 포스 3D.json
38,간음위험한 유부녀들.json
39,"간호사, 오후의 정사 2.json"
40,감금의 시간 2 무삭제.json
41,감금의 제국.json
42,감자심포니.json
43,강시선생 2.json
44,강제섹스 그 남자의 섹스방식.json
45,강한걸 좋아하는 유부녀.json
46,개인교수  맛있게 섹스하는 방법(무삭제).json
47,개인교수  맛있게 섹스하는 방법.json
48,개인교수  성적 올리기 무삭제.json
49,개인교수  여친 만족 시키기 무삭제.json
50,개인교수 심화학습 (무삭제).json
51,거유 치한극장.json
52,거절하지 못하는 여자.json
53,거짓말 애인-감독판.json
54,건달 가정부.json
55,게이샤 하우스.json
56,게이샤의 격정.json
57,게이샤의 순정상실.json
58,게이샤의 정사.json
59,게이트-완결판.json
60,경계도시 2.json
61,계몽영화.json
62,계약직 여직원의 성접대.json
63,고령가 소년 살인사건.json
64,고질라 - 파이널 워즈.json
65,고집쟁이 딸.json
66,공기인형.json
67,공주와 개구리.json
68,공즉시색 무삭제.json
69,과부의 성.json
70,과부의 음란한 페로몬.json
71,과외선생님  심화학습편.json
72,과외수업-폭행.json
73,과외의 추억-무삭제.json
74,관광버스 속 정사.json
75,관능소설-색의 절정.json
76,관능소설2-애증.json
77,광란의 섹스파티 무삭제판.json
78,교생 미나코.json
79,교수님의 은밀한 강요.json
80,교수와 여제자2.json
81,교환남자친구.json
82,교환섹스  동생의 여자 무삭제.json
83,교회누나 무삭제판.json
84,"구름의 저편, 약속의 장소.json"
85,굶주린 미망인과 세 딸.json
86,굿모닝 하트에이크.json
87,"굿바이, 평양.json"
88,궁녀-방탕한 왕과 음란한 궁녀들.json
89,귀없는 토끼.json
90,그 남자가 아내에게.json
91,그 남자의 사랑법.json
92,그녀는 맛있는 섹스파트너.json
93,그녀는 불륜매니아.json
94,그녀와의 섹스는 맛있다.json
95,그녀의 색맛 무삭제판.json
96,그녀의 애걸사항.json
97,그녀의 욕정 너무 하고 싶어요.json
98,그녀의 은밀한 향기.json
99,그녀의 정사 무삭제 감독판.json
100,그녀의 젖은 속옷  위에서 해줄래.json
101,그놈은 벨을 두 번 울린다.json
102,그랑블루 리마스터링 감독판.json
103,그리움의 종착역.json
104,그림리퍼.json
105,극장판 메이저  우정의 강속구.json
106,극장판 요술공주 밍키 꿈 속의 윤무.json
107,극장판 울트라맨 우주 몬스터 대결전.json
108,극장판 천원돌파 그렌라간  나암편.json
109,극장판 천원돌파 그렌라간  홍련편.json
110,극장판 파이널 하늘의 유실물  영원한 나의 새장.json
111,극장판 포켓몬스터 AG - 아름다운 소원의 별 지라치.json
112,극장판파워레인저 엔진포스VS 와일드스피릿.json
113,글래디에이터 - 템플기사단.json
114,글래머 여선생의 야한 수업.json
115,금단의 과외실습.json
116,금단의 꽃 수치심.json
117,금병매 감독판.json
118,금병매.json
119,금병매2.json
120,"금지된 섹스, 달콤한 복수 무삭제 감독판.json"
121,"금지된 섹스, 스와핑.json"
122,"기브 앰 헬, 말론.json"
123,기억메신저 2033.json
124,기억하고 있다.json
125,기이한 춤  기무.json
126,기적의 오케스트라 - 엘 시스테마.json
127,기죽지 마라.json
128,김정일리아.json
129,깊은 사정 -무삭제판.json
130,까칠한 그녀의 달콤한 연애비법.json
131,꼭 껴안고 눈물 핑.json
132,꽃은 밤에 피고-유리아.json
133,꽃잎의 기모노부인.json
134,끝장난 간호사-변태 간호 실습.json
135,나는 곤경에 처했다!.json
136,나는 나비.json
137,나는 야한 여자가 좋다 2 무삭제감독판.json
138,나는 야한 여자가 좋다 3 무삭제감독판.json
139,나는 야한 여자가 좋다 무삭제감독판.json
140,나도 때론 포르노그라피의 주인공이고 싶다  감독판.json
141,나락.json
142,나를 닮은 얼굴.json
143,나를 둘러싼 것들.json
144,나비효과 레버레이션.json
145,나쁜 놈이 더 잘 잔다.json
146,나쁜 아내편의점 섹스 무삭제판.json
147,나쁜남자-유부녀겁탈.json
148,나쁜놈은 죽는다 무삭제 특별판.json
149,나오미의 아찔한 정사.json
150,나의 노예가 되어주세요 감독판.json
151,나의 달콤한 첫경험 이야기.json
152,나폴라.json
153,남극의 쉐프.json
154,남녀의 궁합 무삭제.json
155,남녀의 속궁합.json
156,남편만 몰라요 (무삭제).json
157,낮과 밤-넘버 원.json
158,낮에는 숙녀 밤에는 요부(무삭제).json
159,낮에는 숙녀 밤에는 요부.json
160,내 남편의 가정교사 - 무삭제.json
161,내 남편의 친구 무삭제.json
162,내 눈에 콩깍지.json
163,내 동생의 아내 무삭제판.json
164,내 동생의 여자친구 무삭제판.json
165,내 사촌 여동생들 (감독판).json
166,내 삼촌의 아내 내 여자가 되던 날 (무삭제).json
167,내 삼촌의 여자 무삭제판.json
168,내 심장이 건너 뛴 박동.json
169,내 아내의 남자친구.json
170,내 아내의 사정.json
171,내 아내의 새엄마 무삭제.json
172,내 아내의 언니 2 무삭제.json
173,내 아내의 언니 무삭제.json
174,내 아내의 초대남들 네토라레_무삭제판.json
175,내 아내의 친구 아내가 집에 없던 날 (무삭제).json
176,내 아들의 여자 무삭제판.json
177,내 애인의 엄마 내 여자가 되던 날 (무삭제).json
178,내 엄마의 친구 완숙한 육체를 탐하다-무삭제판.json
179,내 엄마의 친구(무삭제).json
180,내 여자의 엄마(무삭제).json
181,내 여자친구의 엄마 무삭제.json
182,내 이웃의 아내 (무삭제).json
183,내 이웃의 아내 2 이웃 부부와 교환하던 날 (무삭제).json
184,내 이웃의 아내 3 (무삭제).json
185,내 착한 새엄마 (감독판).json
186,내 처제가 된 첫사랑 무삭제.json
187,내 첫사랑을 너에게 바친다.json
188,내 친구 엄마 무삭제.json
189,"내 친구, 그의 아내 무삭제.json"
190,내 친구엄마들 2018 (감독판).json
191,내 친구의 남편 (무삭제).json
192,내 친구의 소원.json
193,내 친구의 아내 3 (무삭제).json
194,내 친구의 아내 만져봐도 될까요 (무삭제).json
195,내 친구의 애인 무삭제판.json
196,내 친구의 엄마 (무삭제).json
197,내 친구의 엄마 2 그녀가 여자로 보일 때 (무삭제).json
198,내 친구의 엄마 친구의 엄마와 아내를 탐하다(무삭제).json
199,내 친구의 엄마들(감독판).json
200,내 학생의 엄마 2 무삭제.json
201,내 학생의 엄마 3 무삭제.json
202,내 학생의 엄마 무삭제판.json
203,내 형의 아내 무삭제판.json
204,내아내의제자들-무삭제.json
205,내아들의여자들-무삭제.json
206,내친구의두엄마-무삭제.json
207,내형의여자친구-무삭제.json
208,너무 밝히는 사촌누나들(감독판).json
209,너와 나의 21세기.json
210,네이비씰 어둠의 전쟁.json
211,네이키드 보이즈 싱잉.json
212,네이키드 피어.json
213,노 임팩트 맨.json
214,노다메 칸타빌레 Vol.1.json
215,노라 없는 5일.json
216,노래방  화끈한 여자들 무삭제.json
217,노리개 시즈카 부인.json
218,노리개가 된 여대생.json
219,노조미의 음탕한 섹스(무삭제).json
220,노조미의 음탕한 섹스.json
221,노화위룡.json
222,농밀한 그녀와의 동거.json
223,농염한 유부녀의 손가락.json
224,농염한 인어공주.json
225,뇌색녀의 음란본색.json
226,누군가가 보고있다.json
227,누나 친구 2 무삭제.json
228,누나 친구 무삭제판.json
229,누나 친구 화려한 외출.json
230,누나친구  이혼하고 온 날 무삭제.json
231,누드모델 무삭제 특별판.json
232,뉴타입 히어로 얏타맨.json
233,능욕 온천장의 오후.json
234,닌자 정사2.json
235,닌자보이 란타로  삼총사의 대모험.json
236,닐스의 모험.json
237,다니엘 바렌보임과 서동시집 오케스트라.json
238,다빈치 트레져.json
239,단델리온 더스트.json
240,단지부인 오후의 불륜.json
241,단지처 오후의 정사2.json
242,달콤한 악마의 유혹.json
243,달콤한 여선배 무삭제.json
244,당신을 오랫동안 사랑했어요.json
245,대병소장.json
246,대사건.json
247,댄스 오브 드래곤.json
248,더 레블 - 영웅의 피.json
249,더 이클립스.json
250,더 인베이젼.json
251,더 챔프 분노의 주먹.json
252,더 코브 슬픈 돌고래의 진실.json
253,더 트루스 무언의 제보자.json
254,더 피플 아이브 슬렙 위드.json
255,더럽혀진마리아.json
256,더블불륜.json
257,덫 무삭제판.json
258,데드 앤 곤.json
259,데스 드라이브.json
260,데스워리어.json
261,데이브레이커스.json
262,데이즈 오브 다크니스.json
263,데저트 플라워.json
264,덴 쉬 파운드 미.json
265,도깅  공개섹스.json
266,도니도니 삼형제와 아기늑대 침투작전.json
267,도리안 그레이.json
268,도망쳐온 이즈미.json
269,"도와줘,에로스.json"
270,도주왕.json
271,도쿄 느와르.json
272,도쿄 랑데뷰.json
273,도쿄 미녀 삼총사.json
274,도쿄 엘리베이터걸.json
275,도쿄 파이브 걸.json
276,도쿄택시.json
277,돌핀  꿈꾸는 다니엘의 용감한 모험.json
278,동갑내기 엄마-무삭제.json
279,동거의 목적(무삭제판).json
280,동급생과의 불륜.json
281,동사서독 리덕스.json
282,동생의 여자-무삭제.json
283,동쪽의 에덴 극장판 ① 더 킹오브 에덴.json
284,동창생의 목적 - 감독판.json
285,동창생의 목적-무삭제판.json
286,동창회의 목적 2 (무삭제).json
287,동창회의 목적 3(무삭제).json
288,동창회의 목적 더 비기닝 (무삭제).json
289,동창회의 목적(무삭제).json
290,동호회의 목적 무삭제.json
291,두 부부의 정사 무삭제.json
292,두 엄마 2018 (감독판).json
293,두 자매의 섹스 다이어리.json
294,두갈 마법의 회전목마.json
295,두처제2-무삭제.json
296,드래곤 레저렉션.json
297,드래곤 헌터.json
298,들어는 봤니 모건 부부.json
299,디센트 Part 2.json
300,딥 인 더 밸리.json
301,따라지 비열한 거리 무삭제판.json
302,딸의 애인-무삭제판.json
303,딸의 친구 - 무삭제판.json
304,딸의 친구 2 - 무삭제판.json
305,땅의 여자.json
306,"땡큐, 마스터 킴.json"
307,떡국열차 신드롬 무삭제판.json
308,뜨거운 새엄마의 욕정.json
309,뜨거운 온천장의 정사.json
310,뜨거운 이웃 무삭제 감독판.json
311,뜨겁게 안아줘.json
312,뜨겁게 젖은 사케의 비밀.json
313,라 붐.json
314,라라피포.json
315,라인의 황금.json
316,램페이지  더 테러리스트.json
317,러버즈 고무옷의 그녀.json
318,러브 매니지먼트.json
319,러브 앤 댄싱.json
320,러브 인 샌프란시스코.json
321,러브액츄얼리 크리스마스 에디션.json
322,러브앤서울 복숭아마을 도색소동기 무삭제판.json
323,러블리 본즈.json
324,"러블리, 스틸.json"
325,러시 스트리트레이서.json
326,럭키 루크 전설의 무법자.json
327,런던 블러바드 무삭제 감독판.json
328,레나의 야근병동.json
329,레닌그라드 900일간의 전투.json
330,레드 바론.json
331,레드나잇.json
332,레슨 인 러브.json
333,로또 간호사.json
334,로망은 없다.json
335,로스트 인 베이징.json
336,루팡 3세  바빌론의 황금전설.json
337,루팡 3세 무삭제판.json
338,루팡 3세 칼리오스트로의 성.json
339,룸싸롱 맛있는 서비스 무삭제.json
340,룸싸롱 여대생들 무삭제.json
341,리미츠 오브 컨트롤.json
342,리얼 막장 간호사.json
343,리틀 디제이.json
344,리틀 맨하탄.json
345,리틀 애쉬  달리가 사랑한 그림.json
346,리포! 더 제네틱 오페라.json
347,린코의 유혹하는 미용실.json
348,립반윙클의 신부 스페셜 에디션.json
349,마녀의 관.json
350,마리아 스투아르다.json
351,마리아짱의유혹.json
352,마리의 카타르시스.json
353,마법의 히드라.json
354,마사의 부엌.json
355,마사지사의 유혹 - 손놀림.json
356,마오의 라스트 댄서.json
357,마이 원 앤 온리.json
358,마이코 한!!!.json
359,마지막 군단.json
360,마지막 정사 여럿이 다같이-감독판.json
361,막장! 마에다 가문의 정사.json
362,만원버스 속 그녀.json
363,만화가게 아줌마 손님이 없던 날 (무삭제).json
364,말리부 섹스파티.json
365,맛 2016 삼시색기- 무삭제판.json
366,맛2 (무삭제).json
367,맛보기 난교 스폐셜.json
368,맛섹 은밀한 경험 - 무삭제판.json
369,맛있는 간호사의 불륜.json
370,맛있는 간호사의 정사.json
371,맛있는 동거 무삭제.json
372,맛있는 떡 무삭제판.json
373,맛있는 성노예.json
374,맛있는 세자매-무삭제.json
375,맛있는 섹스 그리고 그 여자-감독판.json
376,맛있는 섹스 그리고 여친 무삭제 특별판.json
377,맛있는 섹스 그리고 환상의 여인.json
378,맛있는 섹스 누나 친구-무삭제판.json
379,맛있는 아내(무삭제판).json
380,맛있는 영화 무삭제 감독판.json
381,맛있는 유혹 무삭제판.json
382,맛있는누나들-무삭제.json
383,매력적인 장모님들 (감독판).json
384,매춘 2016 무삭제.json
385,맥베드.json
386,맨 온 와이어.json
387,맨션과 병원과 러브호텔의 정사.json
388,머리 감겨주는 거유미용실.json
389,머신건 프리처 감독판.json
390,멀린  마법전사와 용의 기사단.json
391,메가포스 군단.json
392,메란타우.json
393,메리와 맥스.json
394,메이드하녀-금단의봉사.json
395,메튜 본의 백조의 호수 3D.json
396,명검.json
397,명기(무삭제).json
398,명탐정 코난  수평선상의 음모.json
399,명탐정 코난  탐정들의 진혼가.json
400,명탐정 코난감벽의 관.json
401,명탐정 코난은빛 날개의 마술사.json
402,명탐정 코난전율의 악보.json
403,모니카와의 여름.json
404,모던발레 채플린.json
405,모스크바 히트.json
406,모차르트 타운.json
407,목마른 그녀의 금단의 사랑.json
408,몰래 보고 싶은 여인.json
409,몸 로비.json
410,몽정애-감독판.json
411,무림신공 벽력화 무삭제판.json
412,무민가족의 한여름 대소동.json
413,무적의 소림쿵푸 마스터.json
414,"무현, 두 도시 이야기  파이널 컷.json"
415,무협양축 검접.json
416,문빔베어 달을 사랑한 작은 곰.json
417,물 없는 바다.json
418,물좋은하숙집-무삭제.json
419,물좋은하숙집2-무삭제.json
420,뭘 또 그렇게까지.json
421,뮬란 전사의 귀환.json
422,미궁 비밀애 무삭제 특별판.json
423,미망인  돈을 받고 몸을 주다.json
424,미망인-친구아내.json
425,미사의 앞치마정사.json
426,미스터 노바디.json
427,미스테리어스 스킨.json
428,미요리의 숲.json
429,미요코.json
430,미용실  특별한 서비스 2 무삭제.json
431,미용실  특별한 서비스 무삭제.json
432,미인자매의 누드모델.json
433,미조-못다한이야기(감독판).json
434,미투 숨겨진진실 무삭제.json
435,믹막 티르라리고 사람들.json
436,밀레니엄  제2부 불을 가지고 노는 소녀.json
437,밀레니엄  제3부 벌집을 발로 찬 소녀.json
438,밀레니엄 제 1부  여자를 증오한 남자들.json
439,밀림의 왕자 레오 세상을 바꾸는 용기.json
440,밀림의 왕자 레오2.json
441,밀애  과외선생님과의 비밀 정사.json
442,밀애  내 이웃의 유부녀들.json
443,밀애  부부카풀 무삭제.json
444,밀애  사장님의 젊은 아내 무삭제.json
445,밀애  아내의 여동생 무삭제판.json
446,밀애  착한 형수 무삭제.json
447,밀애  친구엄마 무삭제판.json
448,밀애  친구의 아내 무삭제.json
449,밀애 2019 무삭제.json
450,밀크 오브 소로우-슬픈 모유.json
451,바그다드 카페  디렉터스컷.json
452,바디 앤 안티바디.json
453,바람난 아내들-무삭제.json
454,바람난 아내들2-무삭제.json
455,바람난 애인 무삭제.json
456,바람난 여자들 무삭제판.json
457,바람난 여자들2 무삭제.json
458,바빌론의 아들.json
459,바스터즈 거친 녀석들.json
460,바지 내리는 며느리.json
461,바흐 이전의 침묵.json
462,박물관을 털어라.json
463,반딧불이의 묘.json
464,반지의 제왕  두개의 탑 (확장판).json
465,반지의 제왕  반지원정대 (확장판).json
466,반지의 제왕  왕의 귀환 (확장판).json
467,발정난 온천탕 여주인.json
468,발칙한 동거 무삭제.json
469,배틀 오브 스페이스 우주전쟁.json
470,백 투 가야.json
471,백은제국.json
472,백의의 유부녀-굶주린 형수님.json
473,밴드 명 올 댓 아이 러브.json
474,버스가이드의 몸을 탐하다.json
475,버스가이드의 젖은 속옷.json
476,베니스 언더그라운드.json
477,베드(감독판).json
478,베티블루 37.2 디오리지널.json
479,벤베누토 첼리니.json
480,벨빌의 세 쌍둥이.json
481,변강쇠 VS 어우동 - 무삭제판.json
482,변태 전화방.json
483,보내주고싶은 여자.json
484,부기맨 3.json
485,부기우기 상위 1%의 섹스.json
486,부다페스트 로큰롤.json
487,부도리의 꿈(감독판).json
488,부라더 2018.json
489,부부 교환의 날 2017 (무삭제).json
490,부부교환 서로의 아내를 탐하다 (무삭제).json
491,부부교환섹스 2 (무삭제).json
492,부부교환섹스 2017 (무삭제).json
493,부부교환섹스 3-무삭제판.json
494,부부교환의 날 2017 친구의 아내를 탐하다 -무삭제판.json
495,부부교환의 날 젊은 사모님을 탐하다-무삭제판.json
496,부부교환의 날 직장 상사 부부의 초대 (무삭제).json
497,부부생활 보고서.json
498,부인친구의 딸.json
499,북극의 눈물.json
500,분노의 레이서.json
501,불량 경찰2  부정부패 소탕 작전.json
502,불량경찰 3.json
503,불륜  친구의 아내를 탐하다.json
504,불륜 동창회 무삭제.json
505,불륜 동창회 선생님의 특별수업.json
506,불륜 와이프와 맛있는 처녀.json
507,불륜 정사의 맛-감독판.json
508,"불륜, 와이프의 여동생.json"
509,불륜가족 무삭제.json
510,불륜과 달콤한 애인.json
511,불륜의 다이어리.json
512,불륜의 시간.json
513,불륜의 후예 무삭제판.json
514,불타는 내 마음.json
515,붉은 비키니 무삭제판.json
516,뷰티풀 프렌즈.json
517,브로큰 임브레이스.json
518,브룩클린스 파이니스트.json
519,블라인드 사이드.json
520,블랙 키스.json
521,블러드 다이아몬드 파이널.json
522,블러드 앤 초콜렛.json
523,블러디쉐이크.json
524,블로그 섹스의 점수.json
525,비뇨기과 여의사들 무삭제.json
526,비디오 속 나의 비밀정사.json
527,비마나 미스터리.json
528,비밀정사작은엄마 무삭제.json
529,비밀정사친구의 아빠.json
530,비스티걸스 감독판.json
531,비정한 도시 감독판.json
532,비치 슬랩.json
533,비틀즈 하드 데이즈 나이트.json
534,"빗자루, 금붕어 되다.json"
535,빨간 욕정-꿈의 정사.json
536,빨간머리 앤  네버엔딩스토리.json
537,뽕2014(무삭제).json
538,뽕똘.json
539,사돈처녀 - 무삭제판.json
540,사람을 찾습니다.json
541,사랑은 너무 복잡해.json
542,사랑은 언제나 진행중.json
543,사랑은 음악처럼.json
544,사랑을 위한 여행.json
545,사랑의 침묵.json
546,사랑활동의 내구성.json
547,사슬-두여자의유혹-무삭제.json
548,사오리의 비뇨기과.json
549,사이즈의 문제.json
550,사촌 누나 무삭제.json
551,사촌 여동생들 금단의 사랑(무삭제).json
552,사촌누나들 무삭제.json
553,사촌누나와 동거-무삭제.json
554,사촌여동생 무삭제판.json
555,사촌여동생들-무삭제.json
556,사춘기 여동생 무삭제판.json
557,사케 불륜정사.json
558,사쿠라-마지막 정사.json
559,사쿠란-관능의 시대극 무삭제판.json
560,살인자의 기억법  새로운 기억.json
561,상류시대 무삭제판.json
562,상사의 부인.json
563,상사의 아내와 은밀한 스캔들.json
564,새로운 엄마친구-무삭제판.json
565,새아빠 무삭제.json
566,새아빠 엄마의 남자를 탐하다(무삭제).json
567,새엄마  나의 섹스 교사 무삭제판.json
568,새엄마 2 그녀의 남자가 되다 (무삭제).json
569,새엄마 2 무삭제.json
570,새엄마 2017 아버지의 아내를 탐하다(무삭제).json
571,새엄마 새누나 무삭제판.json
572,새엄마 아버지의 여자를 탐하다 (무삭제).json
573,새엄마는 전여친 무삭제.json
574,새엄마들 아들을 탐하다 (무삭제).json
575,새엄마와 그녀의 여동생 무삭제판.json
576,새오빠 무삭제.json
577,새오빠2 무삭제.json
578,샤넬과 스트라빈스키.json
579,샤인 어 라이트(1st 지드래곤 콘서트).json
580,서도가 마나미의 정사.json
581,선녀는 몸으로 운다-무삭제판.json
582,선라이즈 선셋.json
583,선배 애인의 유혹.json
584,선배의 여자친구 무삭제.json
585,선배의 첫경험레슨.json
586,성난 화가 - 무삭제판.json
587,성인돌 양성강좌.json
588,성판17 남자들의 17가지 성적 판타지 무삭제판.json
589,성항기병.json
590,성항기병2.json
591,세 얼간이 감독판.json
592,세상은 가끔 아름답다.json
593,세일즈 우먼의 불륜정사.json
594,섹스 인 더 게임 무삭제판.json
595,섹스 잘하는 여자가 좋다.json
596,섹스 콜렉터 2.json
597,섹스 파티 그리고 거짓말.json
598,섹스-이웃집 여자-감독판.json
599,섹스가 다이어트에 미치는 영향 무삭제 확장판.json
600,섹스는 맛있다 무삭제판.json
601,섹스는 오감만족.json
602,섹스배틀로얄.json
603,섹스의 맛 무삭제판.json
604,섹스의 목적-무삭제판.json
605,섹스천국 일본.json
606,섹스하기 좋은 날 무삭제.json
607,섹시 방문판매원.json
608,섹시 캣.json
609,섹시 헬스장 무삭제판.json
610,섹시바의 비밀.json
611,섹시한 미녀는 괴로워.json
612,센티미엔토 사랑의 감각.json
613,셉템버 이슈.json
614,셜록 죽음의 덫.json
615,소규모 아카시아 밴드 이야기.json
616,소녀괴담  17살 여고생의 악몽.json
617,소년 KJ.json
618,소노코의 유혹정사.json
619,소림사 18동인 2.json
620,소울 키친.json
621,소중한 날의 꿈 감독판.json
622,손오공 돌원숭이의 탄생.json
623,솔로몬 케인.json
624,수상한 종업원(무삭제판).json
625,수상한 진료실 엄마친구의 특별한 치료-무삭제판.json
626,수호지-무사조씨.json
627,수호지-의적유당.json
628,수호지태극영웅-소이광.json
629,순수의 신부 2-그녀의 고민.json
630,순수의 신부-우리 신랑은.json
631,순응자.json
632,슈가박스.json
633,슈퍼히어로의 진실.json
634,스롤란 마이러브.json
635,스와핑  친구부부의 쾌락 2 무삭제.json
636,스와핑  친구부부의 쾌락 무삭제판.json
637,스와핑  친구의 아내 2 무삭제.json
638,스와핑  친구의 아내 무삭제판.json
639,스와핑 민박집- 무삭제판.json
640,스와핑 하던 날 무삭제.json
641,스와핑비밀클럽.json
642,스워드 오브 워.json
643,스위트 카르마.json
644,스카이 크롤러.json
645,스캔들 II.json
646,스케이트 오어 다이.json
647,스튜어디스 아내의 이중생활.json
648,스튜어디스의 사생활.json
649,스튜어디스의 이중생활.json
650,스트리트 파이터 - 춘리의 전설.json
651,스트릿 오브 블러드.json
652,스파이 서바이버 무삭제판.json
653,스페이스 둠스데이.json
654,스플라이스.json
655,슬로베니안 걸-여대생 콜걸.json
656,시간의 춤.json
657,"시네도키, 뉴욕.json"
658,시리어스 맨.json
659,시스터 스마일.json
660,시아버지와 두 며느리 무삭제판.json
661,시아의 몽정기-무삭제.json
662,시티 오브 크레인.json
663,식객2  김치전쟁.json
664,신 금병매 2.json
665,신 금병매.json
666,신북두신권.json
667,신어우동 - 무삭제판.json
668,신입사원 간보기.json
669,신입사원 세츠코.json
670,신입사원(무삭제판).json
671,신입얼짱 관광가이드.json
672,신입여직원의 속옷.json
673,신혼부부 러브 다이어리2.json
674,신혼부부의 성생활 무삭제.json
675,신혼여행  불륜 무삭제.json
676,"실종, 어느날납치된소녀.json"
677,"실종, 완벽한 사육.json"
678,실종자.json
679,실화 일본연쇄강간사건.json
680,실화!정말있었던이야기.json
681,심야 여자의 두 얼굴.json
682,심야병동 맛있는 간호사들.json
683,심플 리벤지.json
684,쌍자신투.json
685,써드 퍼슨 - 감독판.json
686,썸 - 은밀한 이야기  무삭제판.json
687,썸타는 시호부인.json
688,"쏘리,알러뷰.json"
689,쏘우-여섯번의 기회.json
690,쏠라 어택.json
691,아기 거북 토토의 바다 대모험.json
692,아내 그리고 밀애 2.json
693,아내 그리고 밀애.json
694,"아내, 애인 그리고 맛있는 섹스.json"
695,아내를 바꾸다 무삭제.json
696,아내의 101번째 결혼 무삭제판.json
697,아내의 나쁜 섹스 무삭제판.json
698,아내의 동창회 무삭제.json
699,아내의 맛 무삭제판.json
700,아내의 불륜2 무삭제판.json
701,아내의 비밀욕정 1  애욕.json
702,아내의 비밀욕정 2  밀애.json
703,아내의 비밀욕정 3  쾌락.json
704,아내의 비밀욕정 4  음란.json
705,아내의 애인 2 무삭제.json
706,아내의 엄마 2 무삭제.json
707,아내의 엄마 무삭제.json
708,아내의 엄마들(감독판).json
709,아내의 여자선배.json
710,아내의 원초적 본능.json
711,아내의 위험한 부업.json
712,아내의 이상한 요구.json
713,아더와 미니모이 2  셀레니아 공주 구출 작전.json
714,아들의 아내 무삭제.json
715,아마데우스 감독판.json
716,아버지를 마지막으로 본 것은 언제입니까.json
717,아빠가 여자를 좋아해.json
718,아빠친구2-무삭제판.json
719,아쉬람.json
720,아스트로 보이-아톰의 귀환.json
721,아웃캐스트 절명도망 무삭제판.json
722,아이 엠 러브.json
723,아이 엠 오메가.json
724,아이 킬드 마이 마더.json
725,아이돌간호사모모코.json
726,아이스 토네이도.json
727,아틀란티스  바다의 오페라.json
728,안티크라이스트.json
729,안해 무삭제.json
730,알라마르.json
731,알래스카 북극곰(무삭제판).json
732,알렉산더  절대 영웅의 탄생.json
733,"알로, 슈티.json"
734,알바생과의 불륜.json
735,알제리 전투.json
736,암전 2.json
737,애니멀 타운.json
738,애니씽 포 허.json
739,애인  아내의 남자 무삭제.json
740,애인교환섹스.json
741,애즈 갓 커맨즈.json
742,앨빈과 슈퍼밴드2.json
743,야곱 신부의 편지.json
744,야마카시 2.json
745,야한 병동 24시.json
746,야한 부인의 유혹.json
747,야한 정사의 맛 - 무삭제판.json
748,야한 짓  무삭제판.json
749,야한목소리-쏠리네 무삭제.json
750,야한수영클럽.json
751,"양 한 마리, 양 두 마리.json"
752,어론 인 더 다크2  마녀사냥꾼.json
753,어린 누나 2 - 무삭제판.json
754,어린 누나-무삭제판.json
755,어린 새엄마-감독판.json
756,어린 새엄마들 (감독판).json
757,어린 아내-무삭제판.json
758,어린 엄마 2 - 무삭제판.json
759,어린 여배우 무삭제판.json
760,어린 여자 맛있는 관음-무삭제판.json
761,어린 이모 - 무삭제판.json
762,어린 장모들 (감독판).json
763,어린 제부 2019 (감독판).json
764,어린 처제 - 무삭제판.json
765,어린 처제 2 - 무삭제판.json
766,어린 처형- 무삭제판.json
767,어린 형수 - 무삭제판.json
768,어린 형수 2 - 무삭제판.json
769,어린 형수 3 - 무삭제판.json
770,어린 형수 4-무삭제판.json
771,어린 형수님들 (감독판).json
772,어린장모-무삭제.json
773,어메이징 뮤턴트.json
774,어쌔신 닌자걸.json
775,어쌔신네이션.json
776,어우동 주인 없는 꽃 무삭제판.json
777,어웨이 위 고.json
778,어이그 저 귓것.json
779,언 애듀케이션.json
780,엄마 애인 -무삭제판.json
781,엄마 애인 2 - 무삭제판.json
782,엄마 친구  여자를 배우다 무삭제판.json
783,엄마 친구 사랑하고 싶은 여자 무삭제판.json
784,엄마 친구 사랑하고 싶은 여자.json
785,엄마 친구 여자로 보일때 무삭제판.json
786,엄마 친구들과의 정사(감독판).json
787,엄마의 불륜 무삭제판.json
788,엄마의 연애 무삭제.json
789,엄마의 유혹 무삭제.json
790,엄마의 직업 [무삭제판].json
791,엄마의맛-무삭제.json
792,엄마친구 3 무삭제판.json
793,엄마친구 4 무삭제.json
794,엄마친구 5 무삭제판.json
795,엄마친구 딸 무삭제판.json
796,엄마친구2 무삭제.json
797,엄마친구들 2 무삭제.json
798,엄마친구의맛-무삭제.json
799,에너미라인 1994 대전투.json
800,에로낚시광.json
801,에로틱 사이렌.json
802,에로틱 컴필레이션.json
803,에바-최종병기유이.json
804,에반게리온 파.json
805,에브리 잭 해즈 어 질.json
806,엘 시크레토  비밀의 눈동자.json
807,엘라의 계곡.json
808,엘라의 모험 2 백설공주 길들이기.json
809,엘렉트라.json
810,엘로이즈 그녀들의 사랑.json
811,엘리노의 비밀.json
812,여교사  제자와의 사랑 무삭제.json
813,여교사의 비밀애.json
814,여대생 살인기.json
815,여대생의 새로운 경험.json
816,여동생의 금지된 사랑.json
817,여배우 섹스 스캔들2 무삭제판.json
818,여배우와 동거-무삭제.json
819,여변호사 성희롱사건.json
820,여비서의 불륜.json
821,여선생 무삭제.json
822,여선생2 무삭제.json
823,여의사 욕망의 진료실.json
824,여의사의 맛있는 진료.json
825,여자 감옥 간수의 노리개.json
826,여자 보험왕  그녀의 영업비밀 무삭제.json
827,여자 없는 세상.json
828,여자 하숙집 무삭제.json
829,여자 하숙집2 무삭제.json
830,여자가 사랑할때.json
831,여자교환섹스 무삭제판.json
832,여자들  섹스의 만족도 무삭제.json
833,여주인의 비밀 마사지.json
834,여직원들  2대2 섹스 무삭제.json
835,여직원들  직장연애사 무삭제판.json
836,여친 언니 무삭제.json
837,여친 엄마 무삭제.json
838,여친엄마 2 무삭제.json
839,"여형사강간,사랑 그리고 맛있는 섹스.json"
840,연변 아가씨의 맛섹사 - 감독판.json
841,연변 아가씨의 맛섹사-무삭제판.json
842,연상녀들  내가 가르쳐 줄게 무삭제.json
843,연애  엄마친구 무삭제.json
844,연애가정교사 미숙한포옹.json
845,연애사기알몸으로 말해요.json
846,영도 다리.json
847,영웅 천하의 시작.json
848,옆집 남편과의 밀애.json
849,옆집 누나 오후의 정사.json
850,옆집 새댁 쿄코는 글래머.json
851,옆집 여자 처음엔 거부 나증엔 신음.json
852,옆집누나들-무삭제.json
853,옆집소녀2-무삭제.json
854,예쁜 여자가 섹스도 잘해.json
855,예쁜 처제들 2018 (감독판).json
856,예쁜 형수 무삭제판.json
857,예쁜누나(감독판).json
858,오늘은 너랑 - 초보간호사.json
859,오르가즘 레스토랑 무삭제판.json
860,오르지.json
861,오션월드 3D.json
862,오슬로의 이상한 밤.json
863,오일 마사지샵의 비밀.json
864,오페라- 햄릿 (메트로폴리탄).json
865,오페라-시몬 보카네그라(메트로폴리탄).json
866,오페라-아르미다 (메트로폴리탄).json
867,오페라-장미의 기사.json
868,오페라-투란도트(메트로폴리탄).json
869,오페라-호프만의 이야기.json
870,오픈 그래이브스.json
871,옥보단-음행합궁비사.json
872,옥전사.json
873,온천탕 애욕정사.json
874,올래! 천사들의 도시편 무삭제.json
875,올랜도 블룸의 위험한 열정.json
876,올웨이스 비보이.json
877,옹박  하얀 원숭이 전사.json
878,완벽한 섹스의 맛-무삭제판.json
879,완벽한 파트너-감독판.json
880,완숙 엄마 아들의 고백 (무삭제).json
881,완숙 엄마 아버지의 여자 (무삭제).json
882,완전한 사육 4 비밀의 지하실.json
883,왕을 참하라 무삭제판.json
884,왠 유어 스트레인지.json
885,외도(무삭제판).json
886,외박 친구의 여자 (무삭제).json
887,외출 2 무삭제.json
888,외출 무삭제.json
889,요나요나 펭귄.json
890,요녀전설 사악한 욕망.json
891,요정 미인관 무삭제판.json
892,요코의 짜릿한 상상.json
893,욕망 전차.json
894,욕망의 대지.json
895,욕망의 하녀.json
896,욕정이 흐르는 대로.json
897,용주골-무삭제판.json
898,우리 의사 선생님.json
899,우리 지금 할래 무삭제판.json
900,우리가 꿈꾸는 기적 인빅터스.json
901,우리들과 경찰아저씨의 700일 전쟁.json
902,우주전쟁  화성을 지켜라.json
903,우주전쟁2넥스트웨이브.json
904,울언니 성상납의 비밀 무삭제판.json
905,울트라 미라클 러브 스토리.json
906,워 랜드.json
907,원장이 오기전에-그놈의 협박.json
908,원피스 극장판 스트롱 월드.json
909,월하의 침략자.json
910,위기의 유부남 만나는 여자마다 하고 싶어!.json
911,위기의 유부녀 남편과는 다른 맛.json
912,위기의 유부녀 남편은 출장 중.json
913,위기의 유부녀들 - 남편 후배와.json
914,위기의 유부녀들 2 - 남편의 취미.json
915,위기의 유부녀들 3 - 옆집 남편과.json
916,위기의 유부녀들 4 -남편을 빼앗기다.json
917,위기의 유부녀들 5- 남편의 정체.json
918,위대한 계시.json
919,위대한 침묵.json
920,위선자들 감독판.json
921,위핏.json
922,위험한 상상 치한에게 느낀 욕정.json
923,위험한 아파트관리인 표적이 된 여대생.json
924,위험한 유부녀들 무삭제판.json
925,위험한 중독 무삭제판.json
926,윈드 리버 감독판.json
927,윌로우 트리.json
928,유부녀납치감금.json
929,유부녀들(무삭제).json
930,유부녀들의 맛 무삭제판.json
931,유부녀들쾌락 스와핑.json
932,유부녀워칭-무삭제.json
933,유윌 미스 미.json
934,유출본 - 끝까지 한다.json
935,유키와 니나.json
936,유혹의 노출클럽.json
937,유혹의 덫 무삭제 특별판.json
938,육감적 허벅지 - 젊다.json
939,육체 간호의 시작.json
940,은밀하게 위대하게 (확장판).json
941,은어 무삭제판.json
942,음란 과외 - 무삭제판.json
943,음란 기생 - 무삭제판.json
944,음란 선비 - 무삭제판.json
945,음란한 가정교사 쓰리섬.json
946,음란한 게이샤의 정사.json
947,음란한 모델 무삭제판.json
948,음란한 병원전신마취.json
949,음란한 비밀고백.json
950,음란한 여간호사.json
951,음란한 유치장.json
952,음란한 하숙집 여주인.json
953,음란한 형제  형수와 처제 무삭제판.json
954,음탕한 아내의 일기.json
955,음탕한 유부녀의 수첩.json
956,이고르와 귀여운 몬스터 이바.json
957,이모의 유혹-무삭제.json
958,이번 일요일에.json
959,이웃집 좀비.json
960,이지 버츄.json
961,이채담의 지스팟-무삭제.json
962,이티피 페스티벌 08X09 서태지.json
963,익스트림 No.13 감독판.json
964,익스트림 터미네이터 TR.json
965,익스트림 피어.json
966,인사이드 링 항공기를 훔쳐라.json
967,일 트로바토레 잘츠부르크 페스티벌.json
968,일렉트릭 미스트.json
969,일본 엄마 2 무삭제.json
970,일본 엄마 무삭제.json
971,잃어버린 마법의 섬 홋타라케.json
972,잃어버린 세계-지구 속으로.json
973,잃어버린 세계를 찾아 2015.json
974,잃어버린 지구 속으로.json
975,임신 시켜주세요.json
976,입영전야 무삭제 여선배의 자취방 버전.json
977,자가당착 시대정신과 현실참여.json
978,자매의교환섹스-무삭제.json
979,자매의은밀한스와핑-무삭제.json
980,자유연애시대 무삭제 특별판.json
981,작은 엄마 2 삼촌의 여자들 (무삭제).json
982,작은 엄마 무삭제.json
983,작은 엄마 삼촌의 아내를 탐하다 (무삭제).json
984,작은 엄마들(무삭제).json
985,작은엄마 2 삼촌이 없던 날 (무삭제).json
986,작전명 베른하르트.json
987,잠든 남편 옆에서 하다 무삭제판.json
988,잡가소수.json
989,장모님들 (감독판).json
990,장모님의 개인교습 (감독판).json
991,장모의유혹-무삭제.json
992,장모학개론-무삭제.json
993,장화신은 고양이 디 오리지널.json
994,재팬 와이프의 침대.json
995,재팬아나운서 나나세.json
996,전망 좋은 부동산 무삭제판.json
997,전망 좋은 섹스-감독판.json
998,전망 좋은 집 3 (무삭제).json
999,전망좋은 빌라.json
1000,전사 씨야마.json
1001,전염가.json
1002,전쟁 주식회사.json
1003,절정의 테크닉 파동.json
1004,절정의 훔쳐보기.json
1005,절정쾌속열차 - 손놀림.json
1006,젊은 과부의 욕정 무삭제판.json
1007,젊은 과부의 욕정.json
1008,젊은 누나-감독판.json
1009,젊은 누나-무삭제판.json
1010,젊은 며느리 시아버지의 유혹에 빠지다(무삭제).json
1011,젊은 새엄마 무삭제.json
1012,젊은 아내 (무삭제).json
1013,젊은 아내 남편 교환의 날 (무삭제).json
1014,젊은 아내는 음란하다.json
1015,젊은 엄마 친구 무삭제판.json
1016,젊은 이모들 어린 남자를 탐하다(무삭제).json
1017,젊은 이모들 여자가 되는 날 무삭제판.json
1018,젊은 제수씨 무삭제판.json
1019,젊은 처제들 (감독판).json
1020,젊은 처형 그녀를 탐하다(무삭제).json
1021,젊은 처형(무삭제).json
1022,젊은 형부 무삭제판.json
1023,젊은 형수 2 무삭제.json
1024,젊은 형수 무삭제.json
1025,젊은 형수 참을수 없는 날 무삭제판.json
1026,젊은 형수 형의 여자를 탐하다(무삭제).json
1027,젊은 형수님 내 여자가 되던 날 -무삭제판.json
1028,젊은 형수님 형의 여자를 탐하다 -무삭제판.json
1029,젊은장모-무삭제.json
1030,정무가정.json
1031,정사  결혼 말고 연애 무삭제.json
1032,정사  내 친구의 애인 무삭제판.json
1033,정사  바람난 유부녀들 무삭제판.json
1034,정사  사촌 여동생들 무삭제.json
1035,정사  시아버지와 도련님 무삭제.json
1036,정사  아내의 친구 무삭제.json
1037,정사  어린 새엄마 무삭제.json
1038,정사  은밀한 밀애-무삭제판.json
1039,정사  자매의 유혹 무삭제.json
1040,정사  질투의 덫 - 감독판.json
1041,정사  착한 며느리들 2 무삭제.json
1042,정사  착한 며느리들 무삭제판.json
1043,정사  착한 숙모 무삭제.json
1044,정사  처제의 사랑 무삭제편.json
1045,정사  친구의 엄마 2 무삭제.json
1046,정사  친구의 여자를 탐하다 무삭제.json
1047,정사  캠퍼스 커플 무삭제.json
1048,정사 2018 무삭제.json
1049,정사 불륜의 맛 무삭제판.json
1050,정사 비밀스런 사랑.json
1051,정사 위험한 성적 유희 무삭제판.json
1052,정사 질투의 덫-무삭제판.json
1053,정사 친구 딸의 남자친구.json
1054,정사-두자매-무삭제.json
1055,정사2 친구 새엄마-무삭제판.json
1056,정사유부녀가 된 첫사랑 무삭제판.json
1057,정사착한 며느리 무삭제판.json
1058,제 5원소 리마스터링 감독판.json
1059,제7의 봉인.json
1060,제로 포커스.json
1061,제주도 야한밤 무삭제.json
1062,제프 벡 로니스콧 라이브.json
1063,제한 구역.json
1064,조건아빠슈가대디 무삭제판.json
1065,조교부부교실.json
1066,조교신세계.json
1067,조금 더운 여름밤-불륜.json
1068,존 라베  난징 대학살.json
1069,존 레논 비긴즈-노웨어 보이.json
1070,존 윅 특별판.json
1071,좋아서 만든 영화.json
1072,주유소 습격사건 2.json
1073,줄리 & 줄리아.json
1074,중독 관음증-무삭제판.json
1075,쥬라기 타임트랙.json
1076,지구침략 기계들의 반란.json
1077,지상 최고의 아빠.json
1078,지상의 별처럼.json
1079,직장 여선배와의 맛있는 섹스.json
1080,직장섹스 미국 남사장과 일본 여직원들.json
1081,직장연애사-섹스파트너.json
1082,진격의 애인 감독판.json
1083,진구세주전설 북두의권 1부 라오우전 순애의 장.json
1084,진구세주전설 북두의권 3부 라오우전 격투의 장.json
1085,진구세주전설 북두의권 Zero - 켄시로전.json
1086,진주의순결상실-무삭제.json
1087,짓2 붉은 낙타 무삭제판.json
1088,쫄깃한 양다리정사.json
1089,착한 누나 무삭제판.json
1090,착한 새엄마 -무삭제판.json
1091,착한 아내참을 수 없는 날 무삭제판.json
1092,착한 엄마 (무삭제).json
1093,착한 엄마 2 무삭제.json
1094,착한 엄마 무삭제.json
1095,착한 엄마 친구 무삭제.json
1096,착한 엄마들 서로의 아들에게 여자가 되던 날 (무삭제).json
1097,착한 엄마친구 2 무삭제.json
1098,착한 여동생-무삭제.json
1099,착한 여자대물이 좋아 무삭제판.json
1100,착한 여자들 C컵 이상.json
1101,착한 이모내 여자가 되는 날 무삭제판.json
1102,착한 자매 남편 교환의 날 (무삭제).json
1103,착한 자매들 무삭제판.json
1104,착한 장모 (무삭제).json
1105,착한 장모 사위를 사랑하다 (무삭제).json
1106,착한 장모님들과의 정사(감독판).json
1107,착한 장모들(무삭제).json
1108,착한 처제들 2018 (감독판).json
1109,착한 친구아내 무삭제.json
1110,착한 친구엄마 (무삭제).json
1111,착한 형수  내 여자가 되던 날 무삭제.json
1112,착한 형수  뜨거운 유혹 무삭제.json
1113,착한 형수 3 무삭제.json
1114,착한여선생-무삭제.json
1115,착한여자 (무삭제).json
1116,착한여자친구-무삭제.json
1117,착한형수의사정-무삭제.json
1118,찬란한 동거생활-상속남과 유부녀.json
1119,찬란한 동거생활2-마성의 여자들.json
1120,찬란한 동거생활3-불륜과 진실의 섹스.json
1121,찬란한 동거생활4-사랑과 욕망의 여행.json
1122,참을 수 없는 사랑.json
1123,참을 수 없는 이미지 섹스.json
1124,창녀 고문 지옥.json
1125,처녀 사냥 - 무삭제판.json
1126,처녀상실.json
1127,처제와 형수들 (감독판).json
1128,처제와의 정사 무삭제.json
1129,처제의 꿈-무삭제.json
1130,처제의 은밀한 유혹 무삭제.json
1131,천국에 있는 것처럼.json
1132,천국의 속삭임.json
1133,천국의 우편배달부.json
1134,천국의 전쟁.json
1135,천재도둑미스터A.json
1136,첫경험 - 무삭제판.json
1137,청담보살.json
1138,청불학원 무삭제판.json
1139,청설.json
1140,청순한 그녀 육체관계.json
1141,체리밤.json
1142,체인지 어드레스.json
1143,체인징사이드 부부탐구생활.json
1144,초(민망한)능력자들.json
1145,초대남 무삭제판.json
1146,초대녀 - 무삭제판.json
1147,초대녀 2 - 무삭제판.json
1148,초왕가슴 미녀의 고민.json
1149,축구의 신 마라도나.json
1150,춤추는 꿈틀이 밴드.json
1151,춤추는 동물원.json
1152,치한전철 예쁜 여자만 노린다.json
1153,친구 누나 3 무삭제.json
1154,친구 누나 무삭제.json
1155,친구 누나 일본판 무삭제.json
1156,친구 딸들의 맛(감독판).json
1157,친구 엄마들 2018 (감독판).json
1158,친구 엄마들의 맛 (감독판).json
1159,친구누나2 무삭제.json
1160,친구부부  욕망의 스와핑 무삭제.json
1161,친구아내와의 맛있는 불륜.json
1162,친구아들 첫 여자가 되어주다 (무삭제).json
1163,친구엄마  그녀의 밤기술 무삭제.json
1164,친구엄마  내 여자가 되던 날 무삭제.json
1165,친구엄마  섹스 하던 날 무삭제.json
1166,친구엄마  은밀한 정사 무삭제.json
1167,친구엄마  참을 수 없는 날 무삭제.json
1168,친구엄마 2017 친구가 집에 없던 날 (무삭제).json
1169,친구엄마 2018 (무삭제).json
1170,친구엄마 그녀의 병간호 (무삭제).json
1171,친구엄마 사랑이 필요해 무삭제판.json
1172,친구엄마 서로의 엄마를 탐하다 (무삭제).json
1173,친구엄마 여자로 보일 때 (무삭제).json
1174,친구엄마 여자친구의 엄마를 탐하다(무삭제).json
1175,친구엄마 은밀한 유혹 무삭제판.json
1176,친구엄마 이혼한 그녀의 남자가 되던 날 (무삭제).json
1177,친구엄마 젊은 장모를 탐하다 (무삭제).json
1178,친구엄마들 맛있는 섹스(감독판).json
1179,친밀한 적.json
1180,친절한 며느리 무삭제.json
1181,칠드런 오브 맨.json
1182,카라스 레블레이션.json
1183,카라스 프로퍼시.json
1184,카마수트라 나잇.json
1185,카무이 외전.json
1186,카즈미-바디미션.json
1187,카페 느와르.json
1188,카페 서울.json
1189,캘린더걸-무삭제.json
1190,캠퍼스 베이글녀.json
1191,커플 테라피 대화가 필요해.json
1192,코드네임 더 몰.json
1193,코모도 대 코브라.json
1194,코비 블루 엘리펀트의 전설.json
1195,콜링 인 러브.json
1196,쾌락 도우미 무삭제.json
1197,쾌락의 밀실 무삭제.json
1198,크래쉬 랜딩.json
1199,크로싱 오버.json
1200,클로즈드 노트.json
1201,키사라기 미키짱.json
1202,킬러의 보디가드 무삭제 특별판.json
1203,킹 잃어버린 세계.json
1204,타락천사 케이코.json
1205,타부-새누나 무삭제.json
1206,타임 체인저.json
1207,타짜의 목적 무삭제.json
1208,탐정사무소-그놈의 얼굴 무삭제판.json
1209,태산쿵푸 6인의 고수.json
1210,태양 아래(해설판).json
1211,태양을 쏴라 무삭제판.json
1212,탱크 독일전차군단을 격파하라.json
1213,터미네이터 2  심판의 날 감독판.json
1214,터키탕섹시한 알바생.json
1215,테라 3D 인류 최후의 전쟁.json
1216,테레사 팔머의 감금.json
1217,테이킹 우드스탁.json
1218,토끼와 거북이 패밀리가 떴다.json
1219,토마스와 친구들 - 극장판 2.json
1220,토미리존스의 쓰리베리얼.json
1221,톨스토이의 마지막 인생.json
1222,톰하디의 도망자.json
1223,투 워리어스.json
1224,투 타이거.json
1225,트라이앵글 불륜.json
1226,트로피컬 마닐라.json
1227,특수부대 사이보그 솔저.json
1228,특수부대 정글의 전쟁.json
1229,티켓 다방 - 무삭제판.json
1230,틴토 브라스의 아모르.json
1231,팀퍼틸 아이들.json
1232,파도 여인 그리고 탱고 무삭제판.json
1233,파르나서스 박사의 상상극장.json
1234,파리 36의 기적.json
1235,파멜라 로즈 살인사건.json
1236,파업전야.json
1237,파이어  테러와의 전쟁.json
1238,파주.json
1239,파코와 마법 동화책.json
1240,판타스틱 Mr. 폭스.json
1241,팔레르모 슈팅.json
1242,패왕별희 디 오리지널.json
1243,퍼블릭 에너미 넘버원.json
1244,퍼스널 이펙츠.json
1245,퍼펙트 바디라인.json
1246,페이크자매의 불륜정사.json
1247,페이퍼 하트.json
1248,페인트볼.json
1249,편의점 여알바.json
1250,포비든 리얼리티.json
1251,포비아 2.json
1252,포스 카인드.json
1253,포에버 스트롱.json
1254,포장마차-무삭제판.json
1255,포제션  중독된 사랑.json
1256,포켓 몬스터 DP 아르세우스 초극의 시공으로.json
1257,포크의 여왕 존 바에즈.json
1258,폭렬성시.json
1259,폭유! 과격한 관계.json
1260,폭유!수영교실.json
1261,폰 섹스의 덫-감독판.json
1262,폰티풀.json
1263,푸른 강은 흘러라.json
1264,푸치니의 여인.json
1265,풍운결.json
1266,플라이보이스.json
1267,플라토닉섹스.json
1268,플래닛 51.json
1269,피나 바우쉬의 댄싱 드림즈.json
1270,피메일 에이전트.json
1271,피케이 별에서 온 얼간이 감독판.json
1272,피파 리의 특별한 로맨스.json
1273,픽쳐 미  모델 다이어리.json
1274,핀치 콘티니의 정원.json
1275,필립모리스.json
1276,필링 인사이드.json
1277,핑거프린트.json
1278,하고 싶은 날 무삭제.json
1279,하나츠미-그녀의 꽃망울.json
1280,하리수의 도색.json
1281,하비의 마지막 로맨스.json
1282,하숙집 2 (무삭제).json
1283,하숙집 누나의 욕정.json
1284,하숙집 무삭제.json
1285,하숙집 여자들 무삭제.json
1286,하숙집 여주인의 목적-무삭제판.json
1287,하얀 아오자이.json
1288,하얀리본.json
1289,하오의 음몽 무삭제판.json
1290,하와이언 레시피.json
1291,하이자오 7번지.json
1292,하하하.json
1293,학생의 엄마  첫 섹스 하던 날 무삭제.json
1294,할 때까지 안 보낼꺼야.json
1295,할리우드 폭로전.json
1296,핫섹토크 무삭제 감독판.json
1297,허비 행콕 무한한 가능성.json
1298,허트 로커.json
1299,헤센 컨스피러시.json
1300,헤이세이 미망인 하숙집-관리인을 노려라.json
1301,헤이세이 미망인 하숙집-방빌려드립니다.json
1302,헤이트 발렌타인데이.json
1303,혐오스런사쿠라코의일생.json
1304,형님 아내 2 - 사모님과 경호원 - 감독판.json
1305,형님아내3감독판(아랫집 부인).json
1306,형부와 처제 무삭제판.json
1307,형수님과의 하룻밤 무삭제판.json
1308,형수의 직업_무삭제판.json
1309,형수잘못된 관계 무삭제판.json
1310,혜경궁 홍씨.json
1311,호야와 토리 드래곤 숲의 비밀.json
1312,혹스 욕망의 법칙.json
1313,혼외정사 외국인의 맛.json
1314,화끈하게 주는 젊은 애인.json
1315,화끈한 홈서비스 무삭제판.json
1316,화도대전.json
1317,화이트 노이즈 2.json
1318,화이트 카오스.json
1319,회사 스와핑  사장과 여직원들 무삭제판.json
1320,후궁  천년금애 무삭제 감독판.json
1321,후궁왕의 음탕한 정사.json
1322,후배부부와 교환섹스-무삭제.json
1323,후배의 뜨거운 사랑.json
1324,후지코의 이중생활.json
1325,휴먼 컨트랙트.json
1326,흑협 2.json
1327,흔들리는 떡국버스 무삭제판.json
1328,힐링캠프-한세상 무삭제.json
