영화명,감독
009사이보그,카미야마 켄지
1789바스티유의연인들,정성복
1987,장준환
19곰테드,세스 맥팔레인
2012,롤랜드 에머리히
22,궈커
26년,조근현
33,패트리시아 리건
sm음탕한욕망,토미오카 타다후미
s중독,카모가와 테츠로
ufo,공귀현
가디언즈,피터 램지
가디언즈오브갤럭시,제임스 건
가비,장윤현
가시,김중현
가시,김태균
가시꽃,이돈구
가자장미여관으로,신정균
간츠,사토 신스케
간츠퍼펙트앤서,사토 신스케
갈증,나카시마 테츠야
감기,김성수
감시자들,"조의석,김병서"
개구리왕국,넬슨 신
개구쟁이스머프,라자 고스넬
개들의섬,웨스 앤더슨
갬빗,마이클 호프만
거인,김태용
거짓말,김동명
건,제시 테레로
걸프렌즈,강석범
게이트,신재호
겟아웃,조던 필
겨울왕국,"크리스 벅,제니퍼 리"
결혼전야,홍지영
경계,"문정현,블라디미르 토도로비치,다니엘 루디 하리얀토"
경주,장률
고녀석맛나겠다,후지모리 마사야
고백,나카시마 테츠야
고백,정영배
고양이사무라이,야마구치 요시타카
고양이춤,윤기형
고질라,가렛 에드워즈
곡성,나홍진
골드,스티븐 개건
골든슬럼버,나카무라 요시히로
공각기동대sacsolidstatesociety,카미야마 켄지
공범,국동석
관상,한재림
괴물들,김백준
괴물의아이,호소다 마모루
괴테스쿨의사고뭉치들,보라 닥테킨
구스범스,롭 레터맨
굿모닝에브리원,로저 미첼
귀,"김조광수,여명준,조은경,홍동명"
귀향,조정래
그것,안드레스 무시에티
그녀가부른다,박은형
그녀는거짓말을너무사랑해,코이즈미 노리히로
그놈이다,윤준형
그대를사랑합니다,추창민
그들이죽었다,백재호
그랑프리,양윤호
그래비티,알폰소 쿠아론
그랜드파더,이서
그랜드피아노,유지니오 미라
그럼에도불구하고,김영조
그린존,폴 그린그래스
그림자들의섬,김정근
그물,김기덕
그시절우리가좋아했던소녀,구파도
그후,홍상수
극장판도라에몽진구의아프리카모험베코와5인의탐험대,야쿠와 신노스케
극장판마법소녀마도카마기카전편시작의이야기,신보 아키유키
극장판마법소녀마도카마기카후편영원의이야기,신보 아키유키
극장판베르세르크황금시대편강림,쿠보오카 토시유키
극장판안녕자두야,손석우
극장판요술공주밍키꿈속의윤무,유야마 쿠니히코
극장판울려라유포니엄,이시하라 타츠야
극장판타이거앤버니,요네타니 요시토모
극장판타이거앤버니더라이징,요네타니 요시토모
극장판파워레인저다이노포스vs고버스터즈공룡대결전안녕영원한친구여,사카모토 코이치
극장판포켓몬스터dp환영의패왕조로아크,유야마 쿠니히코
극장판포켓몬스터베스트위시비크티니와백의영웅레시라무,유야마 쿠니히코
극장판포켓몬스터베스트위시비크티니와흑의영웅제크로무,유야마 쿠니히코
극장판프리타임리스메들리약속,카와나미 에이사쿠
극장판프리타임리스메들리인연,카와나미 에이사쿠
글러브,강우석
글로리아,세바스찬 렐리오
기생꽃의고백,"홍태선,임혁"
길,정인봉
길위에서,이창재
꼬마니콜라,로랑 티라르
꼬마영웅경찰차프로디,라스무스 A. 실버르센
꼬마잠수함올리,헤 질리
꼭두각시,권영락
꽃비,정종훈
끝과시작,민규동
끝까지간다,김성훈
나는고양이로소이다,조은성
나는아빠다,"전만배,이세영"
나는야한여자가좋다,신정균
나는왕이로소이다,장규성
나를잊지말아요,이윤정
나를잊지말아요,이윤정
나를잊지말아요,이윤정
나를잊지말아요,이윤정
나를찾아줘,데이빗 핀처
나만이없는거리,히라카와 유이치로
나쁜녀석들,줄리어스 에이버리
나쁜이웃들,니콜라스 스톨러
나쁜피,강효진
나의어머니,난니 모레티
나이트메어,사무엘 베이어
나이트폴,주현량
나인,롭 마샬
나잇데이,제임스 맨골드
나탈리,주경중
남자가사랑할때,한동욱
남쪽으로간다,이송희일
내가살인범이다,정병길
내가죽기전에,"제이슨 프리먼,토드 E. 프리먼"
내니맥피2유모와마법소동,수잔나 화이트
내사랑,에이슬링 월쉬
내이야기,카와이 하야토
너는펫,김병곤
너의췌장을먹고싶어,츠키카와 쇼
네버렛미고,마크 로마넥
넥스트투모로우,트레비스 포트
넬리,안 에몽
노다메칸타빌레최종악장,"카와무라 야스히로,타케우치 히데키"
노무현입니다,이창재
노블,스티븐 브래들리
노스페이스,필립 슈톨츨
노아,대런 아로노프스키
노인과바다,존 준커먼
노크노크,일라이 로스
논스톱,자움 콜렛 세라
누나,이원식
뉴문,크리스 웨이츠
늑대소년,조성희
늑대아이,호소다 마모루
늑대인간,후안 마르티네즈 모레노
닌자보이란타로극장판시끌벅적방학숙제대소동,후지모리 마사야
닌자어쌔신,제임스 맥티그
닌자터틀,조나단 리브스만
다슬이,박철순
다우더,구혜선
다이버전트,닐 버거
다이빙벨,"이상호,안해룡"
다이애나,올리버 히르비겔
다크하우스,대런 린 보우즈만
달링,앤디 서키스
대한민국1,조명남
대호,박훈정
댄서,스티븐 캔터
더그레이,조 카나한
더기프트,조엘 에저튼
더데이,더글러스 아니오코스키
더데이,백창주
더덴,재커리 도노휴
더도어,안노 사울
더디너,이바노 데 마테오
더딥블루씨,테렌스 데이비스
더레이디,뤽 베송
더레이븐,제임스 맥티그
더로드,존 힐코트
더리치,진-밥티스트 레오네티
더바디,오리올 파울로
더보이,윌리엄 브렌트 벨
더브레이브,"에단 코엔,조엘 코엔"
더블,마이클 브랜트
더비지트,M. 나이트 샤말란
더서치,미셀 하자나비시우스
더서클,제임스 폰솔트
더스퀘어,루벤 외스틀룬드
더스토닝,사이러스 노라스테
더씽,매티스 반 헤이닌겐 주니어
더와이프,비욘 룬게
더웨이브,로아 우타우
더이퀄라이저,안톤 후쿠아
더임파서블,후안 안토니오 바요나
더자이언트,프라파스 콜사라논
더체이스,프레드 카바예
더콘서트,라두 미하일레아누
더콜,브래드 앤더슨
더크리스마스,티모시 렉카트
더킹,한재림
더트리,줄리 베르투첼리
더파이브,정연식
더파티,샐리 포터
더팩트,니콜라스 맥카시
더팩트,니콜라스 맥카시
더팩트,니콜라스 맥카시
더팩트,니콜라스 맥카시
더퍼지,제임스 드모나코
더포스트,스티븐 스필버그
더폰,김봉주
더플랜,최진성
더헌트,토마스 빈터베르그
더히어로,브렛 헤일리
데드풀,팀 밀러
데모닉,윌 캐논
데몰리션,장 마크 발레
데블,존 에릭 도들
도둑들,최동훈
돈,박누리
돈비어프레이드어둠속의속삭임,트로이 닉시
돈의맛,임상수
돌연변이,권오광
동경가족,야마다 요지
동급생,나카무라 쇼코
된장,이서군
두개의달,김동빈
두개의선,지민
두만강,장률
두여자,정윤수
듀엣,이상빈
드라이브,니콜라스 윈딩 레픈
드래곤빌리지화이트니스타운을구하라,민경호
드래곤아이즈,존 하이암스
드래곤헌터,"기욤 이베르넬,아르튀르 크왁"
드레스메이커,조셀린 무어하우스
드림팀,올리비에 다한
들개,김정훈
들개들,하원준
디센던트,알렉산더 페인
디스커넥트,헨리 알렉스 루빈
디어존,라세 할스트롬
디트로이트,캐서린 비글로우
딥,조성규
딥,줄리오 소토 거피드
떡,이영인
뜨거운욕망,베르나드 진진
라라,한상희
라보엠,로버트 돈헴
라보엠,리카르도 샤이
라보엠,지안드레아 노세다
라보엠,
라보엠,로버트 돈헴
라보엠,리카르도 샤이
라보엠,지안드레아 노세다
라보엠,
라붐,클로드 피노토
라스트나잇,마시 태지딘
라스트스탠드,김지운
라스트엑소시즘,다니엘 스탬
라스트홈,라민 바흐러니
라이언,가스 데이비스
라이프,다니엘 에스피노사
라임라이프,데릭 마티니
라자루스,데이빗 겔브
라트라비아타,페터 콘비츠니
라트라비아타,후고 데 아나
라트라비아타,
라트라비아타,
라트라비아타,페터 콘비츠니
라트라비아타,후고 데 아나
라트라비아타,
라트라비아타,
라트라비아타,페터 콘비츠니
라트라비아타,후고 데 아나
라트라비아타,
라트라비아타,
라트라비아타,페터 콘비츠니
라트라비아타,후고 데 아나
라트라비아타,
라트라비아타,
락앤러브,데이빗 맥킨지
랜드오브마인,마틴 잔드블리엣
랭고,고어 버빈스키
러브드럭스,에드워드 즈윅
러브라이브더스쿨아이돌무비,쿄고쿠 타카히코
러브앤아트,프레드 쉐피시
러브앤프렌즈,루크 그린필드
러빙,제프 니콜스
러빙빈센트,"도로타 코비엘라,휴 웰치맨"
런닝맨,조동오
런어웨이즈,플로리아 시지스몬디
레고무비,"필 로드,크리스 밀러"
레나,김도원
레드라이딩후드,캐서린 하드윅
레드라이트,로드리고 코르테스
레드마리아,경순
레드카펫,박범수
레미제라블,톰 후퍼
레스트리스,구스 반 산트
레이스,스티븐 홉킨스
레이징피닉스,라샤네 림트라쿨
레인보우,신수원
레전드,브라이언 헬겔랜드
레전드오브래빗,순리준
레지던트,안티 조키넨
렛미인,맷 리브스
로그원스타워즈스토리,가렛 에드워즈
로렐,피터 솔레트
로보캅,호세 파딜라
로봇,S. 샹카르
로빈후드,리들리 스콧
로사,맹관표
로우,줄리아 듀코나우
로즈,짐 쉐리단
로크,스티븐 나이트
론서바이버,피터 버그
롤러코스터,하정우
루르드,예시카 하우스너
루시,뤽 베송
루이스,"울프강 라우엔슈타인,크리스토프 라우엔슈타인"
루터,에릭 틸
루퍼,라이언 존슨
룸,레니 에이브러햄슨
르누아르,질 부르도스
리그렛,세드릭 칸
리멤버,안나 저스티스
리멤버미,앨런 콜터
리미트리스,닐 버거
리슨투유어하트,맷 톰슨
리얼,이사랑
리오,카를로스 살다나
리오2,카를로스 살다나
리지,크레이그 맥닐
리턴드,마누엘 카르발로
리턴투센더,포아드 미카티
리틀보이,알레한드로 몬테베르드
리틀제이콥,유형
릴라릴라,알랑 그스포너
링,이진혁
링컨,스티븐 스필버그
마녀,유영선
마담버터플라이,
마더,대런 아로노프스키
마더앤차일드,로드리고 가르시아
마돈나,신수원
마라,클라이브 톤지
마린,멜라니 로랑
마마,안드레스 무시에티
마마,최익환
마마,안드레스 무시에티
마마,최익환
마미,자비에 돌란
마법천자문대마왕의부활을막아라,윤영기
마션,리들리 스콧
마스터,조의석
마스터,폴 토마스 앤더슨
마스터,조의석
마스터,폴 토마스 앤더슨
마음이2,이정철
마음이외치고싶어해,나가이 타츠유키
마이보이,전규환
마이웨이,강제규
마이펫의이중생활,크리스 리노드
마이플레이스,박문칠
마일스,돈 치들
마터스,"케빈 고츠,마이클 고츠"
만찬,김동현
만추,김태용
말레피센트,로버트 스트롬버그
맘대드,브라이언 테일러
맛,경석호
매직마이크,스티븐 소더버그
맥베스,저스틴 커젤
맨오브스틸,잭 스나이더
맨홀,신재영
머드,제프 니콜스
머펫대소동,제임스 보빈
먹이사슬,한동호
멋진녀석들,피셔 스티븐스
멋진악몽,미타니 코키
메소드,방은진
메이즈러너,웨스 볼
메이트,정대건
메카닉,사이먼 웨스트
멜랑콜리아,라스 폰 트리에
멜리스,김용운
명량,김한민
명왕성,신수원
모범시민,F. 게리 그레이
모비딕,박인제
모아나,"론 클레멘츠,존 머스커"
목격자,스브야토슬라브 포드가에브스키
목격자,조규장
목숨,이창재
몬스터헌트,라맨 허
몬스터호텔,젠디 타타코브스키
못,서호빈
몽타주,정근섭
뫼비우스,김기덕
무법자,김철한
무법자,르네 페르즈
무서운이야기,"정범식,임대웅,홍지영,김곡,김선,민규동"
무협,진가신
문라이트,배리 젠킨스
뮤지엄,오오토모 케이시
미녀들의전쟁,빠트리스 르꽁트
미녀와야수,크리스토프 갱스
미스터고,김용화
미안해고마워,"송일곤,오점균,박흥식,임순례"
미앤유,베르나르도 베르톨루치
미투,"안토니오 나아로,알바로 파스토르"
믿음의승부,알렉스 켄드릭
밀레니엄제1부여자를증오한남자들,닐스 아르덴 오플레브
밀애,"김인규,김민준"
밀크,구스 반 산트
바라나시,슈브하시슈 부티아니
바람바람바람,이병헌
바람의검심,오오토모 케이시
바람이분다,미야자키 하야오
바르다가사랑한얼굴들,"아녜스 바르다,제이알"
바바라,크리스티안 펫졸드
바비,에밀리오 에스테베즈
바비,이상우
바비,에밀리오 에스테베즈
바비,이상우
바운티헌터,앤디 테넌트
바이더씨,안젤리나 졸리
바캉스,박선욱
반고흐위대한유산,핌 반 호브
반드시크게들을것,백승화
반드시크게들을것2wilddays,백승화
발레리나,"에릭 섬머,에릭 와린"
발렌타인데이,게리 마샬
밤의이야기,미셸 오슬로
방가방가,육상효
방자전,김대우
배드블러드,나수요
배틀쉽,피터 버그
백설공주,타셈 싱
백야,이송희일
백트랙,마이클 페트로니
버닝,이창동
버드맨,알레한드로 곤잘레스 이냐리투
번개맨,조근현
범죄도시,강윤성
범죄도시,브라이언 굿맨
베니싱,브래드 앤더슨
베를린,류승완
베리드,로드리고 코르테스
베스트엑조틱메리골드호텔,존 매든
베이트,킴블 렌달
베테랑,류승완
벡,츠츠미 유키히코
벨과세바스찬계속되는모험,크리스찬 두가이
변태가면,후쿠다 유이치
변호인,양우석
보안관,김형주
본투비블루,로버트 뷔드로
봄,조근현
부활,케빈 레이놀즈
분노,이상일
불량경찰부정부패소탕작전,산티아고 세구라
불륜의시대,전규환
불청객,이응일
붉은가족,이주형
브라더스,짐 쉐리단
브라더후드,윌 캐논
브로큰,루퍼스 노리스
브루클린,존 크로울리
블라인드,안상훈
블라인드,에스킬 보그트
블랙버드,지나 프린스-바이스우드
블랙스완,대런 아로노프스키
블루룸,마티유 아말릭
블리츠,엘리어트 레스터
비기너스,마이크 밀스
비긴어게인,존 카니
비러브드,크리스토프 오노레
비밀,"박은경,이동하"
비바,패디 브레스내치
비버,조디 포스터
비스트,벤 제틀린
비지터,토마스 맥카시
비치온더비치,정가영
비틀스에잇데이즈어위크투어링이어즈,론 하워드
비행기,클레이 홀
비행소년,자비에 지메네즈
비히클19,무쿤다 마이클 드윌
빅,트레버 월
빅웨딩,저스틴 잭햄
빌리와용감한녀석들3d,"라인하드 클루스,호거 태프"
빛나는,가와세 나오미
사냥,이우철
사대명포,"진가상,진소진"
사도,이준익
사랑은당신,파올로 비르지
사랑한다사랑하지않는다,이윤기
사샤,데니스 토도로빅
사일런스,마틴 스콜세지
사쿠라다리셋전편,후카가와 요시히로
사쿠라다리셋후편,후카가와 요시히로
산다,박정범
산타바바라,조성규
살인소설,스콧 데릭슨
살인자,이기욱
상하이,미카엘 하프스트롬
새미의어드벤쳐,벤 스타센
샘,황규일
생로랑,베르트랑 보넬로
샤크스톰,안소니 C. 페란트
샤크어택,스콧 휠러
서부전선,천성일
서치,아니쉬 차간티
서태지밴드콘서트투어콰이어트나이트,서태지
선생님의일기,니티왓 다라톤
설계,박창진
설행눈길을걷다,김희정
세계일주,이항배
세컨찬스,수잔 비에르
셔틀콕,이유빈
셜록홈즈,가이 리치
셰임,스티브 맥퀸
소공녀,전고운
소꿉놀이,김수빈
소셜네트워크,데이빗 핀처
소원,이준익
소중한사람,마츠이 히사코
손님,김광태
솔트,필립 노이스
송투송,테렌스 맬릭
송포유,폴 앤드류 윌리엄스
쇼콜라,로쉬디 젬
수상한그녀,황동혁
수어사이드스쿼드,데이비드 에이어
수영장,오오모리 미카
순정,이은희
순천,이홍기
숨바꼭질,허정
숲속으로,롭 마샬
쉐프,다니엘 코헨
슈퍼미니,"토마스 자보,헬레네 지라드"
슈퍼배드,"피에르 꼬팽,크리스 리노드"
슈퍼스타,임진순
슈퍼스타,자비에 지아놀리
슈퍼히어로,에두와르도 슐츠
스노우화이트앤더헌츠맨,루퍼트 샌더스
스물,이병헌
스위치,"조쉬 고든,윌 스펙"
스카이라인,"콜린 스트로즈,그렉 스트로즈"
스캔들,이동현
스캔들,이동현
스케치,이혁종
스타워즈깨어난포스,J.J. 에이브럼스
스토커,박찬욱
스톤,조세래
스톤,존 커랜
스톤,조세래
스톤,존 커랜
스톨른,사이먼 웨스트
스트레스를부르는그이름직장상사,세스 고든
스트리트댄스,"맥스 기와,다니아 파스퀴니"
스틸라이프,우베르토 파솔리니
스파이,이승준
스파이,폴 페이그
스파이,이승준
스파이,폴 페이그
스파이넥스트도어,브라이언 레반트
스파이더맨홈커밍,존 왓츠
스페이드의여왕,한스 노이엔펠스
스페이스독,"이나 예블라니코바,스비야토슬라브 우샤코프"
스포트라이트,토마스 맥카시
스플릿,최국희
슬리핑뷰티,줄리아 리
시라노연애조작단,김현석
시선,이장호
시소,고희영
시절인연,설효로
신과인간,자비에 보브와
신데렐라,케네스 브래너
신데렐라,
신데렐라,케네스 브래너
신데렐라,
신들의전쟁,타셈 싱
신비한동물사전,데이빗 예이츠
신세계,박훈정
신은죽지않았다,해롤드 크론크
신의선물,문시현
실버벨,해롤드 크론크
심야식당,마츠오카 조지
심야의fm,김상만
심장이뛴다,윤재근
심플라이프,허안화
싱글맨,톰 포드
써니,강형철
쓰리데이즈,폴 해기스
씨오브트리스,구스 반 산트
씽,가스 제닝스
아가씨,박찬욱
아더우먼,닉 카사베츠
아따맘마극장판,야스미 테츠오
아리아,아시아 아르젠토
아마조니아,티에리 라고베르트
아무르,미카엘 하네케
아바타,제임스 카메론
아수라,김성수
아수라,사토 케이이치
아웃레이지,기타노 다케시
아웃사이더,김문옥
아웃사이더,브라이언 A 밀러
아워즈,에릭 헤이저러
아이다,그레이엄 빅
아이다,시린 네샤트
아이다,올리비에 피
아이다,그레이엄 빅
아이다,시린 네샤트
아이다,올리비에 피
아이다,그레이엄 빅
아이다,시린 네샤트
아이다,올리비에 피
아이스,올레그 트로핌
아이스맨,아리엘 브로멘
아이언스카이,티모 부오렌솔라
아이오브더스톰,프레드 쉐피시
아인,모토히로 카츠유키
아저씨,이정범
아키라,오토모 가츠히로
아티스트,미셀 하자나비시우스
아티스트봉만대,봉만대
아틱,조 페나
악마를보았다,김지운
악의연대기,백운학
악인,이상일
안나카레니나,조 라이트
안녕나의소녀,사준의
안녕하세요,임태형
암살,최동훈
암살교실,하스미 에이이치로
애나벨,존 R. 레오네티
애프터라이프,아그네츠카 보토위츠 보슬루
애프터러브,파우스토 브리찌
애프터어스,M. 나이트 샤말란
앤드오브워,다니스 타노비치
앤트맨,페이튼 리드
어느날,이윤기
어둠의아이들,사카모토 준지
어떤시선,"박정범,신아가,이상철,민용근"
어머니,태준식
어메이징스파이더맨,마크 웹
어벤져스,조스 웨던
어벤져스인피니티워,"안소니 루소,조 루소"
어브덕션,존 싱글톤
언니,임경택
언더더씨,에반 트라멜
언더더트리,하프슈타인 군나르 지그라쏜
언더워터,자움 콜렛 세라
언브로큰,안젤리나 졸리
언스토퍼블,토니 스콧
언피니시드,존 매든
얼굴들,이강현
업사이드다운,김동빈
에너미,드니 빌뇌브
에덴동물원사수대작전,오쿠보 도미히코
에드워드,카일 라이드아웃
에베레스트,발타자르 코루마쿠르
에브리데이,마이클 윈터바텀
에브리띵윌비파인,빔 벤더스
에비던스,올라턴드 오선샌미
에어크래쉬,리즈 애덤스
에이미,아시프 카파디아
에코,데이브 그린
엑스페리먼트,폴 쉐어링
엔드오브왓치,데이비드 에이어
엔들리스러브,샤나 페스트
엘르,마우고시카 슈모프스카
엘르,폴 버호벤
엘르,마우고시카 슈모프스카
엘르,폴 버호벤
엘리노어릭비그남자,네드 벤슨
엘리노어릭비그여자,네드 벤슨
엘리시움,닐 블롬캠프
엘마르,"마놀로 크루즈,카를로스 델 카스티요"
엣지오브다크니스,마틴 캠벨
엣지오브다크니스,마틴 캠벨
엣지오브다크니스,마틴 캠벨
엣지오브다크니스,마틴 캠벨
여교사,김태용
여대생기숙사,스튜어트 헨들러
여배우들,이재용
여행자,우니 르콩트
연애담,이현주
영웅샐러멘더의비밀,"알렉산드르 야킴추크,엘레나 코발레바"
영화판,허철
예고살인자,마이클 오블로위츠
예전부터계속좋아했어고백실행위원회,야나기자와 테츠야
오늘,이정향
오두막,스튜어트 하젤딘
오르가즘,조 솔
오마르,하니 아부 아사드
오버드라이브,안토니오 니그렛
오블리비언,조셉 코신스키
오빠생각,이한
오션스,"자끄 페렝,자크 클로드"
오큘러스,마이크 플래너건
오토마타,가베 이바네즈
오피서다운,브라이언 A 밀러
오피스,홍원찬
온더로드,월터 살레스
온투어,마티유 아말릭
올드보이,스파이크 리
옴샨티옴,파라 칸
와일드,장 마크 발레
왓이프,마이클 도즈
요술,구혜선
용문비갑,서극
용서,김종철
용서는없다,김형준
용의자,원신연
용의자x,방은진
우리는형제입니다,장진
우리도사랑일까,사라 폴리
우리동네포르노스타,프랑크 가스탐비드
우먼인블랙,제임스 왓킨스
울브스,데이비드 헤이터
울지마톤즈,구수환
울프맨,조 존스톤
움,베네덱 플리고프
웃는남자,장 피에르 아메리스
워킹걸,정범식
워호스,스티븐 스필버그
원네이션,피에르 쉘러
원더,스티븐 크보스키
원데이,론 쉐르픽
원라이프,"마이클 건톤,마샤 홈즈"
원피스에피소드오브메리또하나의동료이야기,토코로 카츠미
월플라워,스티븐 크보스키
웨딩드레스,권형진
웨이백,피터 위어
웨이스트랜드,루시 워커
웰컴,필립 리오레
위아영,노아 바움백
위자,스틸즈 화이트
위켄즈,이동하
위플래쉬,데이미언 셔젤
위플래쉬,데이미언 셔젤
위플래쉬,데이미언 셔젤
위플래쉬,데이미언 셔젤
위험한관계,허진호
위험한상견례,김진영
유스,파올로 소렌티노
유혹의기술,레슬리 그리프
은밀한유혹,윤재구
은혼,후쿠다 유이치
음모자,로버트 레드포드
의뢰인,손영성
이그잼,스튜어트 하젤딘
이끼,강우석
이민자,제임스 그레이
이민자,크리스 웨이츠
이민자,제임스 그레이
이민자,크리스 웨이츠
이상한나라의앨리스,팀 버튼
이스케이프,존 에릭 도들
이스케이프플랜,미카엘 하프스트롬
이웃집남자,장동홍
이클립스,데이빗 슬레이드
익스펜더블,실베스터 스탤론
인디에어,제이슨 라이트맨
인사이드아웃,피트 닥터
인셉션,크리스토퍼 놀란
인시디어스,제임스 완
인타임,앤드류 니콜
인터스텔라,크리스토퍼 놀란
인턴,낸시 마이어스
인투더스톰,스티븐 쿼일
인페르노,론 하워드
인플루언스,이재규
일대종사,왕가위
일루셔니스트,실뱅 쇼메
일트로바토레,마르코 아르밀리아토
잉여들의히치하이킹,이호재
작은연못,이상우
잠못드는밤,장건재
잡스,조슈아 마이클 스턴
장화신은고양이,크리스 밀러
재키,파블로 라라인
잭리처,크리스토퍼 맥쿼리
저스티스,로저 도널드슨
저스티스리그,잭 스나이더
저스틴,마누엘 시실라
적과의동침,박건용
전국노래자랑,이종필
전망좋은집,이수성
전우치,최동훈
정글,그렉 맥린
정글,알렉산드르 보이틴스키
정글북,존 파브로
정글북,타파스 차크라바르티
정글북,존 파브로
정글북,타파스 차크라바르티
정글히어로,"박태동,마우리시오 드 라 오르타"
제3의사랑,이재한
제인도,안드레 외브레달
제자도제자옥한흠2,김상철
제자옥한흠,김상철
조,데이빗 고든 그린
조난자들,노영석
존라베난징대학살,플로리안 갈렌베르거
존윅,"데이빗 레이치,채드 스타헬스키"
좀비스쿨,김석정
좋아하게되는그순간을고백실행위원회,야나기자와 테츠야
좋은친구들,진형태
주먹왕랄프,리치 무어
죽여주는여자,이재용
줄리줄리아,노라 에프론
중화명탐정,나지량
쥬라기월드,콜린 트레보로우
지아이조2,존 추
지킬앤하이드,돈 로이 킹
질투,필립 가렐
집으로가는길,방은진
집행자,최진호
짓,한종훈
차이나타운,한준희
참새들의합창,마지드 마지디
참을수없는,권칠인
채식주의자,임우성
챔프,이환경
천녀유혼,엽위신
체온그녀의온도,타카오미 오가타
초능력자,김민석
초인,서은영
추적자,무로가 아츠시
춘천춘천,장우진
출국,노규엽
친구2,곽경택
친구사이,김조광수
침묵,정지우
카르멘,안드리스 넬슨스
카르멘,카스퍼 홀텐
카르멘,프란체스코 로시
카르멘,안드리스 넬슨스
카르멘,카스퍼 홀텐
카르멘,프란체스코 로시
카우보이에이리언,존 파브로
카이츠,아누락 바수
카트,부지영
캐롤,토드 헤인즈
캐치미,이현종
커터,정희성
커튼콜,류훈
컨빅션,토니 골드윈
컨저링,제임스 완
컨택트,드니 빌뇌브
컨테이젼,스티븐 소더버그
컨트롤러,조지 놀피
컬러풀,하라 케이이치
컷,아미르 나데리
코리아,문현성
코멧,샘 에스마일
코알라,김주환
코코,리 언크리치
콜드워,"써니 럭,렁록만"
콜렉션,마커스 던스탠
콜렉터,마커스 던스탠
콰르텟,더스틴 호프만
콰이어트원,존 포그
퀵,조범구
퀼,최양일
크랙,조던 스콧
크레이지하트,스콧 쿠퍼
크로니클,조쉬 트랭크
크로닉,미셸 프랑코
크리미널,아리엘 브로멘
클래스,로랑 캉테
클랜,파블로 트라페로
클로이,아톰 에고이안
킥오프,샤우캇 아민 코르키
킬러엘리트,개리 맥켄드리
킬링소프틀리,앤드류 도미닉
킬링시즌,마크 스티븐 존슨
킹메이커,조지 클루니
킹오브프리즘,히시다 마사카즈
킹오브프리즘샤이니세븐스타즈,히시다 마사카즈
킹오브프리즘프라이드더히어로,히시다 마사카즈
타워,김지훈
타이머,잭 쉐퍼
타이밍,"민경조,박대열"
타투,이서
탈주,이송희일
택시,자파르 파나히
탠저린,션 베이커
터널,김성훈
터보,데이빗 소렌
터치,민병훈
터키,지미 헤이워드
테르마이로마이,타케우치 히데키
테이크다운,에란 크리비
테이큰2,올리비에 메가턴
토너먼트,스콧 만
토스카,사이먼 래틀
토스카,피에르 아우디
토스카,
톱스타,박중훈
통증,곽경택
투라이프,장 자크 질베르만
투란도트,마르코 아르투로 마렐리
투어리스트,플로리안 헨켈 폰 도너스마르크
투혼,김상진
트라이브,미로슬라브 슬라보슈비츠키
트라이앵글,크리스토퍼 스미스
트래쉬,스티븐 달드리
트랜스포머3,마이클 베이
트러블메이커,폴 슈레이더
트레이터,수잔나 화이트
트롤,"마이크 미첼,월트 도른"
트루스,제임스 밴더빌트
트리오브라이프,테렌스 맬릭
튼튼이의모험,고봉수
파괴자들,스티븐 세인버그
파괴자들,올리버 스톤
파더앤도터,가브리엘 무치노
파라노말액티비티,오렌 펠리
파수꾼,윤성현
파우스트,알렉산더 소쿠로프
파우스트,장-루이 마르티노티
파우스트,지안드레아 노세다
파울라,크리스찬 슈뵈초브
파이어스톰,원금린
파이어위드파이어,데이빗 바렛
파커,테일러 핵포드
파파,한지승
판도라,박정우
패딩턴,폴 킹
패션왕,오기환
패신저스,로드리고 가르시아
패신저스,모튼 틸덤
팬,조 라이트
퍼니게임,미카엘 하네케
퍼니게임,미카엘 하네케
퍼스트어벤져,조 존스톤
퍼즐,나이토 에이스케
퍼즐,임진승
퍼펙트,닐스 아르덴 오플레브
퍼펙트센스,데이빗 맥킨지
페스티발,이해영
페어러브,신연식
페어리,"도미니크 아벨,피오나 고든,브루노 로미"
페이스블라인드,줄리앙 마그넷
펫,카를레스 토렌스
평행이론,권호영
포가튼잊혀진소녀,알렉스 슈미트
포인트브레이크,에릭슨 코어
포인트블랭크,프레드 카바예
포커스,"글렌 피카라,존 레쿼"
포켓몬더무비xyz볼케니온기계왕국의비밀,유야마 쿠니히코
폭스캐처,베넷 밀러
폴라로이드,주호성
폴링,캐롤 몰리
풍경,장률
퓨리,데이비드 에이어
프란치스코,베다 도캄포 페이주
프랑켄슈타인,대니 보일
프랭크,레니 에이브러햄슨
프로메테우스,리들리 스콧
프로젝트m,에릭 피콜리
프리덤,피터 쿠센스
프리스트,스콧 찰스 스튜어트
프리즈너스,드니 빌뇌브
프리즌,나현
플라워즈,코이즈미 노리히로
플라이트,로버트 저메키스
플랜맨,성시흡
플러스원,데니스 일리아디스
플레이,남다정
피나,빔 벤더스
피에타,김기덕
피치퍼펙트,제이슨 무어
필동,필동
하녀,임상수
하늘에서음식이내린다면,"필 로드,크리스 밀러"
하드데이,필립 슈톨츨
하루,레자 미르카리미
하루,마키하라 료타로
하루,조선호
하루,레자 미르카리미
하루,마키하라 료타로
하루,조선호
하루,레자 미르카리미
하루,마키하라 료타로
하루,조선호
하모니,강대규
하숙집2,정태령
하우투비,올리버 어빙
하이힐,장진
하치이야기,라세 할스트롬
하트비트,자비에 돌란
학교가는길,"이경묵,구중회"
한나,안드레아 팔라오로
한나,조 라이트
한나,안드레아 팔라오로
한나,조 라이트
한번더해피엔딩,마크 로렌스
할,윤용진
해결사,권혁재
해결사,니쉬칸트 카마트
해로,최종태
해무,심성보
해커스,세드릭 히메네즈
해피데스데이,크리스토퍼 랜던
해피버스데이,요시다 야스히로
햄릿,린지 터너
허니,세미 카플라노글루
허니문,리 자니악
헛소동,조스 웨던
헝거,스티브 맥퀸
헝거게임모킹제이,프란시스 로렌스
헤드,조운
헬로우고스트,김영탁
헬프,테이트 테일러
현기증,이돈구
혈투,박훈정
형,권수경
호두까기인형3d,안드레이 콘찰로프스키
호스트,앤드류 니콜
홀리,박병환
홈,김종우
화려한외출,고경아
화이트하우스다운,롤랜드 에머리히
화장,임권택
화차,변영주
환상속의그대,강진아
환상의빛,고레에다 히로카즈
황제암살단,빅터 부
회복,김종철
회오리바람,장건재
후드,오토 바서스트
휴고,마틴 스콜세지
흑집사북오브더아틀란틱,아베 노리유키
히말라야,이석훈
히스테리아,타니아 웩슬러
히어로,김봉한
히어애프터,매그너스 본 혼
히어애프터,클린트 이스트우드
히어애프터,매그너스 본 혼
히어애프터,클린트 이스트우드
히어앤데어,다코 룬구로브
히트,이성한
히트맨no2살인면허,페리 반달
힘내세요병헌씨,이병헌
