영화명,감독,_merge
009사이보그,카미야마 켄지,left_only
1789바스티유의연인들,정성복,left_only
1944,엘모 누가넨,left_only
1987,장준환,left_only
19곰테드,세스 맥팔레인,left_only
2012,롤랜드 에머리히,left_only
22,궈커,left_only
26년,조근현,left_only
33,패트리시아 리건,left_only
90분,박선욱,left_only
sm음탕한욕망,토미오카 타다후미,left_only
sm헌터,카타오카 슈지,left_only
s중독,카모가와 테츠로,left_only
ufo,공귀현,left_only
가디언스,틸 슈바이거,left_only
가디언즈,피터 램지,left_only
가디언즈오브갤럭시,제임스 건,left_only
가면무도회,안드레아 바티스토니,left_only
가면무도회,,left_only
가비,장윤현,left_only
가시,김중현,left_only
가시,김태균,left_only
가시꽃,이돈구,left_only
가자장미여관으로,신정균,left_only
간증,박수민,left_only
간츠,사토 신스케,left_only
간츠퍼펙트앤서,사토 신스케,left_only
갈증,나카시마 테츠야,left_only
감금의시간,김대성,left_only
감기,김성수,left_only
감시자들,"조의석,김병서",left_only
감옥정사,자레드 콘,left_only
강시선생2,유관위,left_only
개구리왕국,넬슨 신,left_only
개구쟁이스머프,라자 고스넬,left_only
개들의섬,웨스 앤더슨,left_only
갬빗,마이클 호프만,left_only
거인,김태용,left_only
거짓말,김동명,left_only
거짓말섹스가좋아,이세일,left_only
건,제시 테레로,left_only
건달가정부,후지와라 켄이치,left_only
걸즈라이프,오츠카 유키,left_only
걸프렌즈,강석범,left_only
게이트,신재호,left_only
겟아웃,조던 필,left_only
겨울왕국,"크리스 벅,제니퍼 리",left_only
격전,임초현,left_only
결혼전야,홍지영,left_only
경,김소영,left_only
경계,"문정현,블라디미르 토도로비치,다니엘 루디 하리얀토",left_only
경주,장률,left_only
고녀석맛나겠다,후지모리 마사야,left_only
고백,나카시마 테츠야,left_only
고백,정영배,left_only
고양이사무라이,야마구치 요시타카,left_only
고양이춤,윤기형,left_only
고질라,가렛 에드워즈,left_only
곡성,나홍진,left_only
골드,스티븐 개건,left_only
골든슬럼버,나카무라 요시히로,left_only
공각기동대sacsolidstatesociety,카미야마 켄지,left_only
공범,국동석,left_only
공즉시색,김현빈,left_only
관계,김명서,left_only
관능소설가의아내,카미노 후토시,left_only
관상,한재림,left_only
관음증,이상빈,left_only
괜찮아정말괜찮아,후지타 요스케,left_only
괴물들,김백준,left_only
괴물의아이,호소다 마모루,left_only
괴테스쿨의사고뭉치들,보라 닥테킨,left_only
구스범스,롭 레터맨,left_only
굿닥터,랜스 데일리,left_only
굿모닝에브리원,로저 미첼,left_only
궁,반안자,left_only
귀,"김조광수,여명준,조은경,홍동명",left_only
귀없는토끼,틸 슈바이거,left_only
귀향,조정래,left_only
그것,안드레스 무시에티,left_only
그녀가부른다,박은형,left_only
그녀는거짓말을너무사랑해,코이즈미 노리히로,left_only
그녀에게,김성호,left_only
그녀의비밀,토모마츠 나오유키,left_only
그녀의섹스테크닉,이재남,left_only
그녀의섹스테크닉,코시자카 야스시,left_only
그녀의정사,이재남,left_only
그놈이다,윤준형,left_only
그대를사랑합니다,추창민,left_only
그들이죽었다,백재호,left_only
그랑프리,양윤호,left_only
그래비티,알폰소 쿠아론,left_only
그랜드파더,이서,left_only
그랜드피아노,유지니오 미라,left_only
그럼에도불구하고,김영조,left_only
그리다,"장호준,이인의,박재영",left_only
그린존,폴 그린그래스,left_only
그림자들의섬,김정근,left_only
그물,김기덕,left_only
그시절우리가좋아했던소녀,구파도,left_only
그후,홍상수,left_only
극장판도라에몽진구의아프리카모험베코와5인의탐험대,야쿠와 신노스케,left_only
극장판마법소녀마도카마기카전편시작의이야기,신보 아키유키,left_only
극장판마법소녀마도카마기카후편영원의이야기,신보 아키유키,left_only
극장판베르세르크황금시대편강림,쿠보오카 토시유키,left_only
극장판안녕자두야,손석우,left_only
극장판요술공주밍키꿈속의윤무,유야마 쿠니히코,left_only
극장판울려라유포니엄,이시하라 타츠야,left_only
극장판타이거앤버니,요네타니 요시토모,left_only
극장판타이거앤버니더라이징,요네타니 요시토모,left_only
극장판파워레인저다이노포스vs고버스터즈공룡대결전안녕영원한친구여,사카모토 코이치,left_only
극장판포켓몬스터dp환영의패왕조로아크,유야마 쿠니히코,left_only
극장판포켓몬스터베스트위시비크티니와백의영웅레시라무,유야마 쿠니히코,left_only
극장판포켓몬스터베스트위시비크티니와흑의영웅제크로무,유야마 쿠니히코,left_only
극장판프리타임리스메들리약속,카와나미 에이사쿠,left_only
극장판프리타임리스메들리인연,카와나미 에이사쿠,left_only
글러브,강우석,left_only
글로리아,세바스찬 렐리오,left_only
기생꽃의고백,"홍태선,임혁",left_only
길,정인봉,left_only
길위에서,이창재,left_only
까시,이영민,left_only
꼬마니콜라,로랑 티라르,left_only
꼬마영웅경찰차프로디,라스무스 A. 실버르센,left_only
꼬마잠수함올리,헤 질리,left_only
꼭두각시,권영락,left_only
꽃과뱀의정사,쿠니자와 미노루,left_only
꽃비,정종훈,left_only
끝과시작,민규동,left_only
끝까지간다,김성훈,left_only
나는고양이로소이다,조은성,left_only
나는아빠다,"전만배,이세영",left_only
나는야한여자가좋다,신정균,left_only
나는왕이로소이다,장규성,left_only
나는행복합니다,윤종찬,left_only
나를잊지말아요,이윤정,left_only
나를잊지말아요,이윤정,left_only
나를찾아서,더스틴 마르첼리노,left_only
나를찾아줘,데이빗 핀처,left_only
나만이없는거리,히라카와 유이치로,left_only
나쁜녀석들,줄리어스 에이버리,left_only
나쁜이웃들,니콜라스 스톨러,left_only
나쁜피,강효진,left_only
나의딸,사이몬 스톤,left_only
나의어머니,난니 모레티,left_only
나이트메어,사무엘 베이어,left_only
나이트비포,케니 영,left_only
나이트폴,주현량,left_only
나이팅게일,필립 뮬,left_only
나인,롭 마샬,left_only
나잇데이,제임스 맨골드,left_only
나탈리,주경중,left_only
남의아내,한동호,left_only
남자가사랑할때,한동욱,left_only
남쪽으로간다,이송희일,left_only
낮과밤넘버원,칸바라 이쿠토,left_only
내가살인범이다,정병길,left_only
내가죽기전에,"제이슨 프리먼,토드 E. 프리먼",left_only
내남자친구의여자,사카모토 후토시,left_only
내니맥피2유모와마법소동,수잔나 화이트,left_only
내사랑,에이슬링 월쉬,left_only
내아내의언니,이상우,left_only
내아내의친구,엠씨짱,left_only
내엄마의친구,이진명,left_only
내여자의엄마,석영오,left_only
내여자친구의엄마,칸바라 이쿠토,left_only
내이야기,카와이 하야토,left_only
내이웃의아내,정대만,left_only
내일,"시릴 디옹,멜라니 로랑",left_only
내친구엄마,이리단,left_only
내친구의아내,탁승오,left_only
내친구의엄마,탁승오,left_only
내학생의엄마,기대호,left_only
너는펫,김병곤,left_only
너바나,티아고 피,left_only
너의췌장을먹고싶어,츠키카와 쇼,left_only
넉아웃,판나 리티크라이,left_only
네버렛미고,마크 로마넥,left_only
네이키드웨폰사소리2,후지와라 켄이치,left_only
넥스트투모로우,트레비스 포트,left_only
넬리,안 에몽,left_only
노다메칸타빌레최종악장,"카와무라 야스히로,타케우치 히데키",left_only
노르웨이의숲,노진수,left_only
노무현입니다,이창재,left_only
노바디웍스,라이 루소 영,left_only
노블,스티븐 브래들리,left_only
노스페이스,필립 슈톨츨,left_only
노아,대런 아로노프스키,left_only
노인과바다,존 준커먼,left_only
노크,이주헌,left_only
노크노크,일라이 로스,left_only
논스톱,자움 콜렛 세라,left_only
누나,이원식,left_only
누나친구,신현철,left_only
누나친구3,김부곤,left_only
누드모델,고먼 베차드,left_only
누드모델,오상원,left_only
뉴문,크리스 웨이츠,left_only
늑대소년,조성희,left_only
늑대아이,호소다 마모루,left_only
늑대인간,후안 마르티네즈 모레노,left_only
닌자보이란타로극장판시끌벅적방학숙제대소동,후지모리 마사야,left_only
닌자어쌔신,제임스 맥티그,left_only
닌자정사,와타나베 세이키,left_only
닌자터틀,조나단 리브스만,left_only
다슬이,박철순,left_only
다우더,구혜선,left_only
다이버전트,닐 버거,left_only
다이빙벨,"이상호,안해룡",left_only
다이애나,올리버 히르비겔,left_only
다잉,페르난도 프랑코,left_only
다크하우스,대런 린 보우즈만,left_only
달링,앤디 서키스,left_only
달콤한애인계약서,이시카와 지로,left_only
대재앙,미초 루타르,left_only
대한민국1,조명남,left_only
대호,박훈정,left_only
댄서,스티븐 캔터,left_only
댓어쿼드모먼트그어색한순간,톰 고미칸,left_only
더가디언즈,사릭 안드레아시안,left_only
더게스트,미겔 앙헬 비바스,left_only
더그레이,조 카나한,left_only
더기프트,조엘 에저튼,left_only
더데이,더글러스 아니오코스키,left_only
더데이,백창주,left_only
더덴,재커리 도노휴,left_only
더도어,안노 사울,left_only
더디너,이바노 데 마테오,left_only
더딥블루씨,테렌스 데이비스,left_only
더레이디,뤽 베송,left_only
더레이븐,제임스 맥티그,left_only
더레터,제이 아나니아,left_only
더로드,존 힐코트,left_only
더리치,진-밥티스트 레오네티,left_only
더마더,우메즈 카즈오,left_only
더모델,매즈 매티슨,left_only
더문,던칸 존스,left_only
더바디,오리올 파울로,left_only
더베일,아드리안 테너,left_only
더보이,윌리엄 브렌트 벨,left_only
더브레이브,"에단 코엔,조엘 코엔",left_only
더블,마이클 브랜트,left_only
더블랙,이마리오,left_only
더비지트,M. 나이트 샤말란,left_only
더서치,미셀 하자나비시우스,left_only
더서클,제임스 폰솔트,left_only
더스퀘어,루벤 외스틀룬드,left_only
더스토닝,사이러스 노라스테,left_only
더시크릿,황진진,left_only
더씽,매티스 반 헤이닌겐 주니어,left_only
더와이프,비욘 룬게,left_only
더웨이브,로아 우타우,left_only
더이퀄라이저,안톤 후쿠아,left_only
더임파서블,후안 안토니오 바요나,left_only
더자이언트,프라파스 콜사라논,left_only
더체이스,프레드 카바예,left_only
더콘서트,라두 미하일레아누,left_only
더콜,브래드 앤더슨,left_only
더크리스마스,티모시 렉카트,left_only
더킹,한재림,left_only
더탱크,켈리 메디슨,left_only
더트러스트,"알렉스 브루어,벤자민 브루어",left_only
더트리,줄리 베르투첼리,left_only
더파이브,정연식,left_only
더파티,샐리 포터,left_only
더팩트,니콜라스 맥카시,left_only
더팩트,니콜라스 맥카시,left_only
더퍼지,제임스 드모나코,left_only
더포스트,스티븐 스필버그,left_only
더폰,김봉주,left_only
더플랜,최진성,left_only
더해머,오렌 캐플란,left_only
더헌터,파코 플라자,left_only
더헌트,토마스 빈터베르그,left_only
더히어로,브렛 헤일리,left_only
덫,윤여창,left_only
데드라인,숀 맥콘빌,left_only
데드엔드,윤여창,left_only
데드풀,팀 밀러,left_only
데모닉,윌 캐논,left_only
데몰리션,장 마크 발레,left_only
데블,존 에릭 도들,left_only
데스타운,제레미 버그,left_only
데이앤나이트,사빈느 데르플링거,left_only
도둑들,최동훈,left_only
도서관전쟁,사토 신스케,left_only
도시괴담,"세바스티안 로스타인,페데리코 로스타인",left_only
도터,조나단 M. 레빈,left_only
독도야반갑다,강태원,left_only
독수리오형제,사토 토야,left_only
돈,박누리,left_only
돈비어프레이드어둠속의속삭임,트로이 닉시,left_only
돈의맛,임상수,left_only
돈조반니,카를로스 사우라,left_only
돌아오는길,스티브 리,left_only
돌연변이,권오광,left_only
돌이킬수없는,박수영,left_only
동경가족,야마다 요지,left_only
동경이야기,오즈 야스지로,left_only
동급생,나카무라 쇼코,left_only
동창생,박홍수,left_only
동호회의목적,조경훈,left_only
동화,손일성,left_only
된장,이서군,left_only
두개의달,김동빈,left_only
두개의선,지민,left_only
두근두근,노진수,left_only
두더지,소노 시온,left_only
두만강,장률,left_only
두번째엄마,이민환,left_only
두엄마,이도시,left_only
두여자,정윤수,left_only
두처제,박주영,left_only
듀엣,이상빈,left_only
듀크,"앤서니 가우디소,제임스 가우디소",left_only
드라이브,니콜라스 윈딩 레픈,left_only
드래곤빌리지화이트니스타운을구하라,민경호,left_only
드래곤아이즈,존 하이암스,left_only
드래곤헌터,"기욤 이베르넬,아르튀르 크왁",left_only
드레스메이커,조셀린 무어하우스,left_only
드림팀,올리비에 다한,left_only
들개,김정훈,left_only
들개들,하원준,left_only
디렉터스컷,박준범,left_only
디센던트,알렉산더 페인,left_only
디셈버,박정훈,left_only
디스커넥트,헨리 알렉스 루빈,left_only
디어존,라세 할스트롬,left_only
디트로이트,캐서린 비글로우,left_only
딥,조성규,left_only
딥,줄리오 소토 거피드,left_only
딸의애인,계장혁,left_only
떡,이영인,left_only
뜨거운욕망,베르나드 진진,left_only
라그나로크,미켈 브라에네 산데모세,left_only
라라,한상희,left_only
라보엠,로버트 돈헴,left_only
라보엠,리카르도 샤이,left_only
라보엠,지안드레아 노세다,left_only
라보엠,,left_only
라붐,클로드 피노토,left_only
라스트나잇,마시 태지딘,left_only
라스트미션,조 마지오,left_only
라스트솔져,에릭 콜리,left_only
라스트스탠드,김지운,left_only
라스트엑소시즘,다니엘 스탬,left_only
라스트홈,라민 바흐러니,left_only
라이언,가스 데이비스,left_only
라이엇,존 라이드,left_only
라이프,다니엘 에스피노사,left_only
라임라이프,데릭 마티니,left_only
라자루스,데이빗 겔브,left_only
라트라비아타,페터 콘비츠니,left_only
라트라비아타,후고 데 아나,left_only
라트라비아타,,left_only
라트라비아타,,left_only
락앤러브,데이빗 맥킨지,left_only
랑데부,앙투와네트 베우머,left_only
랜드오브마인,마틴 잔드블리엣,left_only
랭고,고어 버빈스키,left_only
러브드럭스,에드워드 즈윅,left_only
러브라이브더스쿨아이돌무비,쿄고쿠 타카히코,left_only
러브송,크리스토프 오노레,left_only
러브앤아트,프레드 쉐피시,left_only
러브앤프렌즈,루크 그린필드,left_only
러브인코리아,박제욱,left_only
러브호텔,소마이 신지,left_only
러빙,제프 니콜스,left_only
러빙빈센트,"도로타 코비엘라,휴 웰치맨",left_only
럭키,이계벽,left_only
런닝맨,조동오,left_only
런던잡,사샤 베넷,left_only
런어웨이즈,플로리아 시지스몬디,left_only
레고무비,"필 로드,크리스 밀러",left_only
레나,김도원,left_only
레드라이딩후드,캐서린 하드윅,left_only
레드라이트,로드리고 코르테스,left_only
레드마리아,경순,left_only
레드스카이,마리오 반 피블스,left_only
레드카펫,박범수,left_only
레드플레인과신비한세계일주,"주제 마이아,프레드리코 핀토",left_only
레미제라블,톰 후퍼,left_only
레볼루션아일랜드,표도르 본다르추크,left_only
레스트리스,구스 반 산트,left_only
레이스,스티븐 홉킨스,left_only
레이징피닉스,라샤네 림트라쿨,left_only
레인보우,신수원,left_only
레인폴,맥스 매닉스,left_only
레전드,브라이언 헬겔랜드,left_only
레전드오브래빗,순리준,left_only
레지던트,안티 조키넨,left_only
렛미인,맷 리브스,left_only
로그원스타워즈스토리,가렛 에드워즈,left_only
로드킬,이수성,left_only
로렐,피터 솔레트,left_only
로미오와줄리엣,,left_only
로보캅,호세 파딜라,left_only
로봇,S. 샹카르,left_only
로빈후드,리들리 스콧,left_only
로사,맹관표,left_only
로우,줄리아 듀코나우,left_only
로즈,짐 쉐리단,left_only
로크,스티븐 나이트,left_only
로프트,앙투와네트 베우머,left_only
론서바이버,피터 버그,left_only
롤러코스터,하정우,left_only
롤플레이,백상열,left_only
루나,엘자 디링거,left_only
루르드,예시카 하우스너,left_only
루살카,오토 솅크,left_only
루시,뤽 베송,left_only
루이스,"울프강 라우엔슈타인,크리스토프 라우엔슈타인",left_only
루터,에릭 틸,left_only
루퍼,라이언 존슨,left_only
룸,레니 에이브러햄슨,left_only
룸이스케이프,윌 워닉,left_only
르누아르,질 부르도스,left_only
리그렛,세드릭 칸,left_only
리댁티드,브라이언 드 팔마,left_only
리멤버,안나 저스티스,left_only
리멤버미,앨런 콜터,left_only
리미트리스,닐 버거,left_only
리스트,클라우스 휴트먼,left_only
리슨투유어하트,맷 톰슨,left_only
리얼,이사랑,left_only
리오,카를로스 살다나,left_only
리오2,카를로스 살다나,left_only
리지,크레이그 맥닐,left_only
리클레임,앨런 화이트,left_only
리턴드,마누엘 카르발로,left_only
리턴투센더,포아드 미카티,left_only
리틀데스,조쉬 로슨,left_only
리틀보이,알레한드로 몬테베르드,left_only
리틀제이콥,유형,left_only
리퍼,웬-한 쉬,left_only
릴라릴라,알랑 그스포너,left_only
링,이진혁,left_only
링컨,스티븐 스필버그,left_only
링크,우디 한,left_only
마녀,유영선,left_only
마녀사냥꾼,알렉스 드 라 이글레시아,left_only
마담버터플라이,,left_only
마더,대런 아로노프스키,left_only
마더스데이,대런 린 보우즈만,left_only
마더앤차일드,로드리고 가르시아,left_only
마돈나,신수원,left_only
마라,클라이브 톤지,left_only
마린,멜라니 로랑,left_only
마마,안드레스 무시에티,left_only
마마,최익환,left_only
마미,자비에 돌란,left_only
마법천자문대마왕의부활을막아라,윤영기,left_only
마션,리들리 스콧,left_only
마스터,조의석,left_only
마스터,폴 토마스 앤더슨,left_only
마약전쟁,두기봉,left_only
마약전쟁,호세 이반 산티아고,left_only
마음,최원석,left_only
마음이2,이정철,left_only
마음이외치고싶어해,나가이 타츠유키,left_only
마이보이,전규환,left_only
마이웨이,강제규,left_only
마이펫의이중생활,크리스 리노드,left_only
마이플레이스,박문칠,left_only
마일스,돈 치들,left_only
마터스,"케빈 고츠,마이클 고츠",left_only
마티나,크리스토퍼 로빈 콜린스,left_only
마피아,라이언 콤즈,left_only
마피아,사릭 안드레아시안,left_only
만찬,김동현,left_only
만추,김태용,left_only
말레피센트,로버트 스트롬버그,left_only
맘대드,브라이언 테일러,left_only
맛,경석호,left_only
맛2,경석호,left_only
맛있는섹스누나친구감독판,이전,left_only
맛있는인생,조성규,left_only
매직마이크,스티븐 소더버그,left_only
맥베스,저스틴 커젤,left_only
맨오브스틸,잭 스나이더,left_only
맨홀,신재영,left_only
머드,제프 니콜스,left_only
머펫대소동,제임스 보빈,left_only
먹이사슬,한동호,left_only
멋진녀석들,피셔 스티븐스,left_only
멋진악몽,미타니 코키,left_only
메가파이톤vs게토로이드,메리 램버트,left_only
메모리즈,"오토모 가츠히로,오카무라 텐사이,모리모토 코지",left_only
메모리즈,이수성,left_only
메소드,방은진,left_only
메이즈러너,웨스 볼,left_only
메이트,정대건,left_only
메인스트리트,존 도일,left_only
메카닉,사이먼 웨스트,left_only
멘탈,소다 카즈히로,left_only
멜랑콜리아,라스 폰 트리에,left_only
멜로,이로이,left_only
멜리스,김용운,left_only
명기,강현,left_only
명량,김한민,left_only
명왕성,신수원,left_only
모던발레채플린,소니아 파라모,left_only
모범시민,F. 게리 그레이,left_only
모비딕,박인제,left_only
모아나,"론 클레멘츠,존 머스커",left_only
모즈,하스미 에이이치로,left_only
모텔,이숭환,left_only
모피를입은비너스,송예섭,left_only
목격자,스브야토슬라브 포드가에브스키,left_only
목격자,조규장,left_only
목숨,이창재,left_only
몬스터,오오쿠 아키코,left_only
몬스터,황인호,left_only
몬스터즈,가렛 에드워즈,left_only
몬스터헌트,라맨 허,left_only
몬스터호텔,젠디 타타코브스키,left_only
못,서호빈,left_only
몽골,세르게이 보드로프,left_only
몽정애꿈속의여인,이영화,left_only
몽타주,정근섭,left_only
뫼비우스,김기덕,left_only
무게,전규환,left_only
무법자,김철한,left_only
무법자,르네 페르즈,left_only
무서운이야기,"정범식,임대웅,홍지영,김곡,김선,민규동",left_only
무협,진가신,left_only
문라이트,배리 젠킨스,left_only
물고기,박홍민,left_only
뮤지엄,오오토모 케이시,left_only
미국대지진,테리 커닝햄,left_only
미녀들의전쟁,빠트리스 르꽁트,left_only
미녀와야수,크리스토프 갱스,left_only
미녀전쟁,임진승,left_only
미드나잇선,스콧 레베레히트,left_only
미드와이프,안티 조키넨,left_only
미라클,장 사골,left_only
미스터고,김용화,left_only
미스터추기발한미국유학기,"찰스 추,게빈 켈리",left_only
미스터토렌테카지노를털어라,산티아고 세구라,left_only
미안해고마워,"송일곤,오점균,박흥식,임순례",left_only
미앤유,베르나르도 베르톨루치,left_only
미친섹스,폴 슬레딴느,left_only
미투,"안토니오 나아로,알바로 파스토르",left_only
믿음의승부,알렉스 켄드릭,left_only
밀레니엄제1부여자를증오한남자들,닐스 아르덴 오플레브,left_only
밀애,"김인규,김민준",left_only
밀애친구엄마,김부곤,left_only
밀크,구스 반 산트,left_only
바라나시,슈브하시슈 부티아니,left_only
바람난여자들,기대호,left_only
바람바람바람,이병헌,left_only
바람의검심,오오토모 케이시,left_only
바람이분다,미야자키 하야오,left_only
바르다가사랑한얼굴들,"아녜스 바르다,제이알",left_only
바바라,크리스티안 펫졸드,left_only
바비,에밀리오 에스테베즈,left_only
바비,이상우,left_only
바운티헌터,앤디 테넌트,left_only
바이더씨,안젤리나 졸리,left_only
바캉스,박선욱,left_only
반고흐위대한유산,핌 반 호브,left_only
반드시크게들을것,백승화,left_only
반드시크게들을것2wilddays,백승화,left_only
발레리나,"에릭 섬머,에릭 와린",left_only
발렌타인데이,게리 마샬,left_only
밤의이야기,미셸 오슬로,left_only
방가방가,육상효,left_only
방자전,김대우,left_only
방황하는소녀들,위트 스틸먼,left_only
배드블러드,나수요,left_only
배틀로얄극악소년원,오츠키 에이지,left_only
배틀쉽,피터 버그,left_only
백설공주,타셈 싱,left_only
백야,이송희일,left_only
백트랙,마이클 페트로니,left_only
버닝,이창동,left_only
버드맨,알레한드로 곤잘레스 이냐리투,left_only
번개맨,조근현,left_only
범죄도시,강윤성,left_only
범죄도시,브라이언 굿맨,left_only
베니싱,브래드 앤더슨,left_only
베드,박철수,left_only
베를린,류승완,left_only
베를린장벽,크리스찬 슈뵈초브,left_only
베리드,로드리고 코르테스,left_only
베스트엑조틱메리골드호텔,존 매든,left_only
베이트,킴블 렌달,left_only
베일,정창현,left_only
베테랑,류승완,left_only
벡,츠츠미 유키히코,left_only
벤베누토첼리니,테리 길리엄,left_only
벤젠스,알폰소 로드리게즈,left_only
벨과세바스찬계속되는모험,크리스찬 두가이,left_only
변태가면,후쿠다 유이치,left_only
변호인,양우석,left_only
보고싶다,"서은아,윤재호,장은연",left_only
보디가드,시디끄,left_only
보라,이강현,left_only
보안관,김형주,left_only
보호자,유원상,left_only
본투비블루,로버트 뷔드로,left_only
봄,조근현,left_only
부귀영화,인진미,left_only
부활,케빈 레이놀즈,left_only
분노,이상일,left_only
불량경찰부정부패소탕작전,산티아고 세구라,left_only
불륜2,카타오카 슈지,left_only
불륜동창회,조태호,left_only
불륜의맛,이세일,left_only
불륜의맛,타지리 유지,left_only
불륜의시대,전규환,left_only
불청객,이응일,left_only
붉은가족,이주형,left_only
붉은바캉스검은웨딩,"박철수,김태식",left_only
브라더스,짐 쉐리단,left_only
브라더후드,윌 캐논,left_only
브로큰,루퍼스 노리스,left_only
브루클린,존 크로울리,left_only
블라인드,안상훈,left_only
블라인드,에스킬 보그트,left_only
블랙버드,지나 프린스-바이스우드,left_only
블랙스완,대런 아로노프스키,left_only
블랙아웃,리치 폭스,left_only
블랙앤화이트,채악훈,left_only
블러드골드,트래비스 베인,left_only
블러드워,닉 머피,left_only
블러디,"벤 커밍스,오슨 커밍스",left_only
블루룸,마티유 아말릭,left_only
블루엘리펀트,콤핀 켐군니르드,left_only
블리츠,엘리어트 레스터,left_only
비기너스,마이크 밀스,left_only
비기닝,자비에 지아놀리,left_only
비긴어게인,존 카니,left_only
비러브드,크리스토프 오노레,left_only
비밀,"박은경,이동하",left_only
비밀애,노구치 테루오,left_only
비바,패디 브레스내치,left_only
비버,조디 포스터,left_only
비스트,벤 제틀린,left_only
비스트스토커2증인두번째이야기,임초현,left_only
비지터,토마스 맥카시,left_only
비치온더비치,정가영,left_only
비틀스에잇데이즈어위크투어링이어즈,론 하워드,left_only
비행기,클레이 홀,left_only
비행소년,자비에 지메네즈,left_only
비히클19,무쿤다 마이클 드윌,left_only
빅,트레버 월,left_only
빅웨딩,저스틴 잭햄,left_only
빈센트,박보상,left_only
빌리와용감한녀석들3d,"라인하드 클루스,호거 태프",left_only
빛나는,가와세 나오미,left_only
사냥,이우철,left_only
사대명포,"진가상,진소진",left_only
사도,이준익,left_only
사라진기억,크리스티나 부오지테,left_only
사랑은당신,파올로 비르지,left_only
사랑한다사랑하지않는다,이윤기,left_only
사샤,데니스 토도로빅,left_only
사이드이펙트,스티븐 소더버그,left_only
사이에서,"어일선,민두식",left_only
사이코메트리,권호영,left_only
사일런스,마틴 스콜세지,left_only
사일런트스크림,"크리스 켄티스,로라 라우",left_only
사일런트하우스,구스타보 헤르난데즈,left_only
사촌누나,조태호,left_only
사촌여동생,양호열,left_only
사쿠라다리셋전편,후카가와 요시히로,left_only
사쿠라다리셋후편,후카가와 요시히로,left_only
사쿠라마지막정사,다무라 다카유키,left_only
산다,박정범,left_only
산타바바라,조성규,left_only
살인소설,스콧 데릭슨,left_only
살인이론,크리스 무어,left_only
살인자,이기욱,left_only
상하이,미카엘 하프스트롬,left_only
새미의어드벤쳐,벤 스타센,left_only
새엄마,김무원,left_only
새엄마의선물떡무삭제판,이전,left_only
새크리파이스,마이클 콘,left_only
샘,황규일,left_only
생로랑,베르트랑 보넬로,left_only
생존자들,피터 엥거트,left_only
샤크스톰,안소니 C. 페란트,left_only
샤크어택,스콧 휠러,left_only
서부전선,천성일,left_only
서울,윤태용,left_only
서치,아니쉬 차간티,left_only
서태지밴드콘서트투어콰이어트나이트,서태지,left_only
선생님의일기,니티왓 다라톤,left_only
설계,박창진,left_only
설행눈길을걷다,김희정,left_only
성항기병,맥당웅,left_only
세계일주,이항배,left_only
세븐데이즈,다니엘 그로우,left_only
세비야의이발사,미켈레 마리오티,left_only
세일러복과기관총졸업,마에다 코지,left_only
세컨찬스,수잔 비에르,left_only
세크레이드,호세 잠브라노 카셀라,left_only
섹스거짓말그리고비디오테이프,봉만대,left_only
섹스배틀로얄,히로타 미키오,left_only
셋업,마이크 건서,left_only
셔틀콕,이유빈,left_only
셜록홈즈,가이 리치,left_only
셰임,스티브 맥퀸,left_only
소공녀,전고운,left_only
소꿉놀이,김수빈,left_only
소녀와여자,김효정,left_only
소셜네트워크,데이빗 핀처,left_only
소시민,김병준,left_only
소원,이준익,left_only
소중한사람,마츠이 히사코,left_only
속사정,조일준,left_only
속살,닥터 필,left_only
손님,김광태,left_only
솔로,이삭 크래빗,left_only
솔트,필립 노이스,left_only
송곳니,요르고스 란티모스,left_only
송투송,테렌스 맬릭,left_only
송포유,폴 앤드류 윌리엄스,left_only
쇼콜라,로쉬디 젬,left_only
수상한가족,데릭 보트,left_only
수상한그녀,황동혁,left_only
수어사이드스쿼드,데이비드 에이어,left_only
수영장,오오모리 미카,left_only
수호지천하대영웅손신,류신의,left_only
수호지천하대인,류신의,left_only
수호지천하제패선찬,류신의,left_only
수호지천하호걸고대수,류신의,left_only
수호지최강무적탕륭,류신의,left_only
수호지태극영웅소이광,황조권,left_only
숙희,양지은,left_only
순정,이은희,left_only
순천,이홍기,left_only
숨,함경록,left_only
숨바꼭질,허정,left_only
숲속으로,롭 마샬,left_only
쉐프,다니엘 코헨,left_only
슈퍼미니,"토마스 자보,헬레네 지라드",left_only
슈퍼배드,"피에르 꼬팽,크리스 리노드",left_only
슈퍼스타,임진순,left_only
슈퍼스타,자비에 지아놀리,left_only
슈퍼히어로,에두와르도 슐츠,left_only
스나이퍼,알렉세이 유치텔,left_only
스나이퍼,프레드 그리부아,left_only
스노우화이트앤더헌츠맨,루퍼트 샌더스,left_only
스물,이병헌,left_only
스와핑친구의아내,홍성수,left_only
스와핑클럽,스티브 볼더슨,left_only
스위치,"조쉬 고든,윌 스펙",left_only
스카이라인,"콜린 스트로즈,그렉 스트로즈",left_only
스캐빈저,쉐리엔 다비스,left_only
스캔들,이동현,left_only
스캔들,이동현,left_only
스케치,이혁종,left_only
스타워즈깨어난포스,J.J. 에이브럼스,left_only
스탠드업,라파 라라,left_only
스토커,박찬욱,left_only
스톤,조세래,left_only
스톤,존 커랜,left_only
스톨른,사이먼 웨스트,left_only
스톱,김기덕,left_only
스튜어디스의이중생활,하세가와 쿠니히로,left_only
스트레스를부르는그이름직장상사,세스 고든,left_only
스트리트댄스,"맥스 기와,다니아 파스퀴니",left_only
스틸라이프,우베르토 파솔리니,left_only
스파이,이승준,left_only
스파이,폴 페이그,left_only
스파이넥스트도어,브라이언 레반트,left_only
스파이더맨홈커밍,존 왓츠,left_only
스파이럴,안드레이 볼긴,left_only
스패로우,두기봉,left_only
스페셜포스,스테판 리보자드,left_only
스페이드의여왕,한스 노이엔펠스,left_only
스페이스독,"이나 예블라니코바,스비야토슬라브 우샤코프",left_only
스포트라이트,토마스 맥카시,left_only
스플린터,토비 윌킨스,left_only
스플릿,최국희,left_only
스피드,이상우,left_only
슬리핑뷰티,줄리아 리,left_only
시라노연애조작단,김현석,left_only
시선,이장호,left_only
시소,고희영,left_only
시절인연,설효로,left_only
신과인간,자비에 보브와,left_only
신데렐라,케네스 브래너,left_only
신데렐라,,left_only
신들의전쟁,타셈 싱,left_only
신들의제국,마이클 레드우드,left_only
신북두신권,남내재,left_only
신비한동물사전,데이빗 예이츠,left_only
신세계,박훈정,left_only
신은죽지않았다,해롤드 크론크,left_only
신의선물,문시현,left_only
신의전사,조엘 노보아,left_only
신의전쟁,토마스 샤피로,left_only
신입사원,한동호,left_only
신혼부부러브다이어리,요코야마 카즈히로,left_only
실락원,모리타 요시미츠,left_only
실버벨,해롤드 크론크,left_only
심야식당,마츠오카 조지,left_only
심야의fm,김상만,left_only
심장이뛴다,윤재근,left_only
심판자,존 V. 소토,left_only
심플라이프,허안화,left_only
싱글맨,톰 포드,left_only
써니,강형철,left_only
써커,마이클 매너세리,left_only
썸은밀한이야기,송정규,left_only
쓰리데이즈,폴 해기스,left_only
씨오브트리스,구스 반 산트,left_only
씽,가스 제닝스,left_only
아가씨,박찬욱,left_only
아내를바꾸다,김무원,left_only
아내의맛,김부곤,left_only
아내의사정,차윤영,left_only
아내의애인,소영환,left_only
아내의엄마,임현태,left_only
아너,샨 칸,left_only
아더우먼,닉 카사베츠,left_only
아따맘마극장판,야스미 테츠오,left_only
아리아,아시아 아르젠토,left_only
아마조니아,티에리 라고베르트,left_only
아무르,미카엘 하네케,left_only
아바타,제임스 카메론,left_only
아빠친구,이슬,left_only
아수라,김성수,left_only
아수라,사토 케이이치,left_only
아웃레이지,기타노 다케시,left_only
아웃사이더,김문옥,left_only
아웃사이더,브라이언 A 밀러,left_only
아워즈,에릭 헤이저러,left_only
아이노우유노우,저스틴 케리건,left_only
아이다,그레이엄 빅,left_only
아이다,시린 네샤트,left_only
아이다,올리비에 피,left_only
아이돌섹스스캔들,야마삐,left_only
아이스,올레그 트로핌,left_only
아이스맨,아리엘 브로멘,left_only
아이스투모로우,제이슨 부케,left_only
아이언걸,나가미네 마사토시,left_only
아이언스카이,티모 부오렌솔라,left_only
아이오브더스톰,프레드 쉐피시,left_only
아인,모토히로 카츠유키,left_only
아저씨,이정범,left_only
아키라,오토모 가츠히로,left_only
아티스트,미셀 하자나비시우스,left_only
아티스트봉만대,봉만대,left_only
아틱,조 페나,left_only
아포칼립스엑스,마맷 칼리드,left_only
악령,빈센조 나탈리,left_only
악령의집,알렉스 머킨,left_only
악마를보았다,김지운,left_only
악사들,김지곤,left_only
악의연대기,백운학,left_only
악인,이상일,left_only
안나카레니나,조 라이트,left_only
안나평양에서영화를배우다,안나 브로이노스키,left_only
안녕나의소녀,사준의,left_only
안녕하세요,임태형,left_only
안젤리크,아리엘 제이통,left_only
암살,최동훈,left_only
암살교실,하스미 에이이치로,left_only
앙상블,이종필,left_only
애나벨,존 R. 레오네티,left_only
애비,장현수,left_only
애프터라이프,아그네츠카 보토위츠 보슬루,left_only
애프터러브,파우스토 브리찌,left_only
애프터매스,엘리어트 레스터,left_only
애프터어스,M. 나이트 샤말란,left_only
애프터이미지,토니 컨,left_only
앤드오브워,다니스 타노비치,left_only
앤트맨,페이튼 리드,left_only
야쿠자의아내,오부치 아키라,left_only
어느날,이윤기,left_only
어둠속의빛,아그네츠카 홀란드,left_only
어둠의아이들,사카모토 준지,left_only
어떤시선,"박정범,신아가,이상철,민용근",left_only
어린누나,김태수,left_only
어린아내,화니,left_only
어린처제,최우성,left_only
어머니,태준식,left_only
어메이징스파이더맨,마크 웹,left_only
어밴던드,나초 세르다,left_only
어벤져스,조스 웨던,left_only
어벤져스인피니티워,"안소니 루소,조 루소",left_only
어브덕션,존 싱글톤,left_only
어웨이크닝,닉 머피,left_only
어트랙션,표도르 본다르추크,left_only
언노운어택,브라이언 트렌차드-스미스,left_only
언니,임경택,left_only
언더더씨,에반 트라멜,left_only
언더더트리,하프슈타인 군나르 지그라쏜,left_only
언더워터,자움 콜렛 세라,left_only
언브로큰,안젤리나 졸리,left_only
언스토퍼블,토니 스콧,left_only
언싱커블,그레고 조단,left_only
언피니시드,존 매든,left_only
얼굴들,이강현,left_only
얼라이브,제이슨 R. 구드,left_only
엄마에게,이홍재,left_only
엄마의레시피,시라하 미츠히토,left_only
엄마의맛,박주영,left_only
엄마의유산,알렉세이 고를로프,left_only
엄마친구,명석환,left_only
엄마친구2,김대성,left_only
엄마친구들,이리단,left_only
엄마친구들2,임현태,left_only
엄마친구여자로보일때,사카모토 후토시,left_only
업사이드다운,김동빈,left_only
에너미,드니 빌뇌브,left_only
에너미라인,로저 영,left_only
에덴,박영호,left_only
에덴동물원사수대작전,오쿠보 도미히코,left_only
에드워드,카일 라이드아웃,left_only
에베레스트,발타자르 코루마쿠르,left_only
에브리데이,마이클 윈터바텀,left_only
에브리띵윌비파인,빔 벤더스,left_only
에비던스,올라턴드 오선샌미,left_only
에어크래쉬,리즈 애덤스,left_only
에이미,아시프 카파디아,left_only
에코,데이브 그린,left_only
엑스페리먼트,폴 쉐어링,left_only
엔드오브왓치,데이비드 에이어,left_only
엔들리스러브,샤나 페스트,left_only
엘르,마우고시카 슈모프스카,left_only
엘르,폴 버호벤,left_only
엘리노어릭비그남자,네드 벤슨,left_only
엘리노어릭비그여자,네드 벤슨,left_only
엘리시움,닐 블롬캠프,left_only
엘마르,"마놀로 크루즈,카를로스 델 카스티요",left_only
엣지오브다크니스,마틴 캠벨,left_only
엣지오브다크니스,마틴 캠벨,left_only
여교사,김태용,left_only
여대생기숙사,스튜어트 헨들러,left_only
여동생,페드로 아길레라,left_only
여배우들,이재용,left_only
여배우섹스스캔들,야마삐,left_only
여비서,박범수,left_only
여비서,히로타 미키오,left_only
여선생,김대성,left_only
여자의정사,후안 드라고,left_only
여자친구,김대성,left_only
여자하숙집,이리단,left_only
여직원들직장연애사,명석환,left_only
여친엄마,이리단,left_only
여행,배창호,left_only
여행자,우니 르콩트,left_only
연애담,이현주,left_only
연인들,도미니크 그라프,left_only
엽문3,구예도,left_only
영웅샐러멘더의비밀,"알렉산드르 야킴추크,엘레나 코발레바",left_only
영화판,허철,left_only
옆집누나,이민환,left_only
옆집소녀,박선욱,left_only
옆집여자,아마엔보 쇼군,left_only
예고살인자,마이클 오블로위츠,left_only
예전부터계속좋아했어고백실행위원회,야나기자와 테츠야,left_only
오늘,이정향,left_only
오두막,스튜어트 하젤딘,left_only
오렌지,줄리언 파리노,left_only
오르가즘,조 솔,left_only
오마르,하니 아부 아사드,left_only
오버드라이브,안토니오 니그렛,left_only
오블리비언,조셉 코신스키,left_only
오빠생각,이한,left_only
오션스,"자끄 페렝,자크 클로드",left_only
오즈의마법사,빅터 플레밍,left_only
오큘러스,마이크 플래너건,left_only
오토마타,가베 이바네즈,left_only
오페라,알레산드로 제노베시,left_only
오피서다운,브라이언 A 밀러,left_only
오피스,홍원찬,left_only
오피스걸의불륜,타지리 유지,left_only
온더로드,월터 살레스,left_only
온투어,마티유 아말릭,left_only
올드보이,스파이크 리,left_only
옴샨티옴,파라 칸,left_only
옹박2016,데니스 루엘,left_only
와일드,장 마크 발레,left_only
와일드영,미카엘 하프스트롬,left_only
완벽한파트너,박헌수,left_only
완전한감금,카와사키 히로유키,left_only
완전한사육4비밀의지하실,미즈타니 토시유키,left_only
왓이프,마이클 도즈,left_only
외계인들,"김한규,손병희",left_only
외도,최우성,left_only
외출,기대호,left_only
요술,구혜선,left_only
욕망,안토니오 자발라 쿠글러,left_only
용문비갑,서극,left_only
용서,김종철,left_only
용서는없다,김형준,left_only
용의자,원신연,left_only
용의자x,방은진,left_only
우리가족,김도현,left_only
우리는형제입니다,장진,left_only
우리도사랑일까,사라 폴리,left_only
우리동네포르노스타,프랑크 가스탐비드,left_only
우리들의일기,임공삼,left_only
우먼인블랙,제임스 왓킨스,left_only
울보,이진우,left_only
울브스,데이비드 헤이터,left_only
울지마톤즈,구수환,left_only
울프맨,조 존스톤,left_only
움,베네덱 플리고프,left_only
웃는남자,장 피에르 아메리스,left_only
워크오브셰임,스티븐 브릴,left_only
워킹걸,정범식,left_only
워하우스죽음의표식,루크 마세이,left_only
워호스,스티븐 스필버그,left_only
원나이트스탠드찢어진웨딩드레스,브람 코펜스,left_only
원나잇리멤버,제이미 린든,left_only
원나잇스탠드,"민용근,이유림,장훈",left_only
원네이션,피에르 쉘러,left_only
원더,스티븐 크보스키,left_only
원데이,론 쉐르픽,left_only
원라이프,"마이클 건톤,마샤 홈즈",left_only
원스텝,전재홍,left_only
원피스에피소드오브메리또하나의동료이야기,토코로 카츠미,left_only
월플라워,스티븐 크보스키,left_only
웨딩드레스,권형진,left_only
웨이백,피터 위어,left_only
웨이스트랜드,루시 워커,left_only
웰컴,필립 리오레,left_only
웻랜드,다비드 브넨트,left_only
위대한유산,그라함 맥라렌,left_only
위도,백정민,left_only
위아영,노아 바움백,left_only
위자,스틸즈 화이트,left_only
위켄즈,이동하,left_only
위플래쉬,데이미언 셔젤,left_only
위플래쉬,데이미언 셔젤,left_only
위험한관계,허진호,left_only
위험한상견례,김진영,left_only
위험한정사,카를레스 토라스,left_only
유니온스퀘어,낸시 사보카,left_only
유부녀들,경석호,left_only
유부녀들의맛,유해종,left_only
유스,파올로 소렌티노,left_only
유에프오,콜린 미니한,left_only
유혹,최우성,left_only
유혹2,강국민,left_only
유혹의기술,레슬리 그리프,left_only
은밀한유혹,윤재구,left_only
은혼,후쿠다 유이치,left_only
음란한가족,신정균,left_only
음란한꽃들의정사,에모토 토시로,left_only
음모자,로버트 레드포드,left_only
의뢰인,손영성,left_only
이그잼,스튜어트 하젤딘,left_only
이그지스트,에두아르도 산체스,left_only
이끼,강우석,left_only
이모의유혹,김경택,left_only
이민자,제임스 그레이,left_only
이민자,크리스 웨이츠,left_only
이방인들,최용석,left_only
이불,김한준,left_only
이상한나라의앨리스,팀 버튼,left_only
이스케이프,존 에릭 도들,left_only
이스케이프플랜,미카엘 하프스트롬,left_only
이웃집남자,장동홍,left_only
이지머니,다니엘 에스피노사,left_only
이클립스,데이빗 슬레이드,left_only
익스펜더블,실베스터 스탤론,left_only
익스포즈,디클란 데일,left_only
인더블러드,존 스톡웰,left_only
인디에어,제이슨 라이트맨,left_only
인마이슬립,알렌 울프,left_only
인사이드아웃,피트 닥터,left_only
인샬라,아나이스 바르보 라발레트,left_only
인셉션,크리스토퍼 놀란,left_only
인시던트,아이작 에즈반,left_only
인시디어스,제임스 완,left_only
인타임,앤드류 니콜,left_only
인터스텔라,크리스토퍼 놀란,left_only
인턴,낸시 마이어스,left_only
인투더스톰,스티븐 쿼일,left_only
인투더포레스트,패트리샤 로제마,left_only
인페르노,론 하워드,left_only
인플루언스,이재규,left_only
인헤리턴스,히암 압바스,left_only
일대일,김기덕,left_only
일대종사,왕가위,left_only
일루셔니스트,실뱅 쇼메,left_only
일본엄마,김무원,left_only
일진,이수성,left_only
일트로바토레,마르코 아르밀리아토,left_only
잉여들의히치하이킹,이호재,left_only
작은엄마,이리단,left_only
작은연못,이상우,left_only
잠못드는밤,장건재,left_only
잡스,조슈아 마이클 스턴,left_only
장화신은고양이,크리스 밀러,left_only
재키,파블로 라라인,left_only
재회,에노모토 토시로,left_only
잭리처,크리스토퍼 맥쿼리,left_only
저스티스,로저 도널드슨,left_only
저스티스리그,잭 스나이더,left_only
저스틴,마누엘 시실라,left_only
저주받은집,닐스 팀,left_only
저주의시작,제이 알라이모,left_only
적과의동침,박건용,left_only
전국노래자랑,이종필,left_only
전망좋은방맛있는섹스,이세일,left_only
전망좋은집,이수성,left_only
전우치,최동훈,left_only
젊은새엄마,칸바라 이쿠토,left_only
젊은엄마,공자관,left_only
젊은엄마3,채길병,left_only
젊은엄마친구,유해종,left_only
젊은처제,이세종,left_only
젊은처형,기타노 헤지메,left_only
젓가락,서세원,left_only
정검금의위,진영가,left_only
정글,그렉 맥린,left_only
정글,알렉산드르 보이틴스키,left_only
정글북,존 파브로,left_only
정글북,타파스 차크라바르티,left_only
정글히어로,"박태동,마우리시오 드 라 오르타",left_only
정사4,알폰소 피네다 우조아,left_only
정사그녀의비밀연애,카타오카 슈지,left_only
정사불륜의맛,이민,left_only
정사의맛감독판,이전,left_only
정사친구엄마,이동현,left_only
정사친구의엄마,곽영근,left_only
제3의사랑,이재한,left_only
제국의전쟁,유스리 압드 하림,left_only
제인도,안드레 외브레달,left_only
제자도제자옥한흠2,김상철,left_only
제자옥한흠,김상철,left_only
조,데이빗 고든 그린,left_only
조난자들,노영석,left_only
조선안방스캔들칠거지악,이전,left_only
존라베난징대학살,플로리안 갈렌베르거,left_only
존윅,"데이빗 레이치,채드 스타헬스키",left_only
좀비스쿨,김석정,left_only
좋아하게되는그순간을고백실행위원회,야나기자와 테츠야,left_only
좋은친구들,진형태,left_only
죄인,김종호,left_only
주먹왕랄프,리치 무어,left_only
죽여주는여자,이재용,left_only
죽음의천사,루시아 푸엔조,left_only
죽이러갑니다,박수영,left_only
줄리줄리아,노라 에프론,left_only
중화명탐정,나지량,left_only
쥬라기월드,콜린 트레보로우,left_only
지구대충돌,폴 질러,left_only
지아이조2,존 추,left_only
지알로,다리오 아르젠토,left_only
지젤,토아 프레이저,left_only
지킬앤하이드,돈 로이 킹,left_only
질투,필립 가렐,left_only
짐승,황유식,left_only
집으로가는길,방은진,left_only
집행자,최진호,left_only
짓,한종훈,left_only
차이나타운,한준희,left_only
착한아내,지길웅,left_only
착한엄마,이리단,left_only
착한엄마2,곽영근,left_only
착한엄마친구,곽영근,left_only
착한여동생,김다니엘,left_only
착한여자,경석호,left_only
착한장모,이진명,left_only
착한처제,강훈,left_only
착한친구엄마,이진명,left_only
착한형수,기대호,left_only
참새들의합창,마지드 마지디,left_only
참을수없는,권칠인,left_only
채식주의자,임우성,left_only
챔프,이환경,left_only
처녀들의만찬,"샬롯 바렛,션 팰런",left_only
처제는처제와처제의,노현진,left_only
처제의유혹,박선욱,left_only
천녀유혼,엽위신,left_only
체온그녀의온도,타카오미 오가타,left_only
초능력자,김민석,left_only
초인,서은영,left_only
추격,"아베 레비,실버 트리",left_only
추적자,무로가 아츠시,left_only
춘천춘천,장우진,left_only
춘화도,후지와라 켄이치,left_only
출국,노규엽,left_only
치한열차,쿠니자와 미노루,left_only
친구2,곽경택,left_only
친구누나,채길병,left_only
친구누나2,이리단,left_only
친구사이,김조광수,left_only
친구애인,박범수,left_only
친구엄마,공자관,left_only
친구엄마2018,이진명,left_only
친구엄마들,조태호,left_only
친구엄마여자로보일때,오부치 아키라,left_only
침묵,정지우,left_only
침묵의목격자,비행,left_only
카니발,마누엘 마틴 쿠엔카,left_only
카르멘,안드리스 넬슨스,left_only
카르멘,카스퍼 홀텐,left_only
카르멘,프란체스코 로시,left_only
카르페디엠,레이노앗 오얼레만스,left_only
카미노,조쉬 C. 월러,left_only
카발레리아루스티카나팔리아치,필립 슈톨츨,left_only
카우보이에이리언,존 파브로,left_only
카운트다운,허종호,left_only
카이지,사토 토야,left_only
카이츠,아누락 바수,left_only
카지노를털어라,에두아르드 코르테스,left_only
카트,부지영,left_only
카페,마크 얼바움,left_only
카프리치오,마르코 아르투로 마렐리,left_only
칼리지,뎁 헤이갠,left_only
캐롤,토드 헤인즈,left_only
캐릭터,손광주,left_only
캐치미,이현종,left_only
캣런,존 스톡웰,left_only
커밍홈,막시밀리언 훌트,left_only
커터,정희성,left_only
커튼콜,류훈,left_only
컨빅션,토니 골드윈,left_only
컨저링,제임스 완,left_only
컨택트,드니 빌뇌브,left_only
컨테이젼,스티븐 소더버그,left_only
컨트랙티드,에릭 잉글랜드,left_only
컨트롤러,조지 놀피,left_only
컬러풀,하라 케이이치,left_only
컴다운,멘하이 후다,left_only
컷,아미르 나데리,left_only
코드,미미 레더,left_only
코리아,문현성,left_only
코멧,샘 에스마일,left_only
코알라,김주환,left_only
코코,리 언크리치,left_only
콜걸,마이클 마키마인,left_only
콜드워,"써니 럭,렁록만",left_only
콜렉션,마커스 던스탠,left_only
콜렉터,마커스 던스탠,left_only
콩가네,남기웅,left_only
콰르텟,더스틴 호프만,left_only
콰이어트원,존 포그,left_only
쾌락지구,전국위,left_only
퀵,조범구,left_only
퀼,최양일,left_only
크랙,조던 스콧,left_only
크레이지,브렉 에이즈너,left_only
크레이지하트,스콧 쿠퍼,left_only
크로니클,조쉬 트랭크,left_only
크로닉,미셸 프랑코,left_only
크리미널,아리엘 브로멘,left_only
크리스마스스타,데비 아이싯,left_only
크리스마스캐롤,로버트 저메키스,left_only
클래스,로랑 캉테,left_only
클랜,파블로 트라페로,left_only
클럽라이프,파브리지오 콘테,left_only
클로이,아톰 에고이안,left_only
킥오프,샤우캇 아민 코르키,left_only
킬러엘리트,개리 맥켄드리,left_only
킬링소프틀리,앤드류 도미닉,left_only
킬링시즌,마크 스티븐 존슨,left_only
킬링타임,박성수,left_only
킹메이커,조지 클루니,left_only
킹오브프리즘,히시다 마사카즈,left_only
킹오브프리즘샤이니세븐스타즈,히시다 마사카즈,left_only
킹오브프리즘프라이드더히어로,히시다 마사카즈,left_only
타락하는유부녀,모토키 타카시,left_only
타락한유부녀,오부치 아키라,left_only
타부새누나,이슬,left_only
타워,김지훈,left_only
타이거마스크,,left_only
타이머,잭 쉐퍼,left_only
타이밍,"민경조,박대열",left_only
타임랩스,브래들리 킹,left_only
타임코드,피터 하이암스,left_only
타임트랙,제이슨 부케,left_only
타투,이서,left_only
탈주,이송희일,left_only
탐욕,김정욱,left_only
태평륜,오우삼,left_only
택시,자파르 파나히,left_only
탠저린,션 베이커,left_only
터널,김성훈,left_only
터보,데이빗 소렌,left_only
터치,민병훈,left_only
터키,지미 헤이워드,left_only
테라노바,알렉산드르 멜닉,left_only
테르마이로마이,타케우치 히데키,left_only
테이크다운,에란 크리비,left_only
테이큰2,올리비에 메가턴,left_only
테이킹,애덤 로비텔,left_only
토너먼트,스콧 만,left_only
토네이도,토도 채프카노브,left_only
토미리존스의쓰리베리얼,토미 리 존스,left_only
토스카,사이먼 래틀,left_only
토스카,피에르 아우디,left_only
토스카,,left_only
토일렛,오기가미 나오코,left_only
톰행크스의일렉트릭시티,톰 행크스,left_only
톱스타,박중훈,left_only
통증,곽경택,left_only
투라이프,장 자크 질베르만,left_only
투란도트,마르코 아르투로 마렐리,left_only
투러버스,제임스 그레이,left_only
투어리스트,플로리안 헨켈 폰 도너스마르크,left_only
투혼,김상진,left_only
트라이브,미로슬라브 슬라보슈비츠키,left_only
트라이앵글,크리스토퍼 스미스,left_only
트래쉬,스티븐 달드리,left_only
트랜스포머3,마이클 베이,left_only
트랜짓,안토니오 니그렛,left_only
트러블메이커,폴 슈레이더,left_only
트레이터,수잔나 화이트,left_only
트롤,"마이크 미첼,월트 도른",left_only
트루스,제임스 밴더빌트,left_only
트리오브라이프,테렌스 맬릭,left_only
트리하우스,마이클 바틀렛,left_only
트릭,이창열,left_only
트릭,폴 버호벤,left_only
튼튼이의모험,고봉수,left_only
틴토브라스의아모르,틴토 브라스,left_only
파괴자들,스티븐 세인버그,left_only
파괴자들,올리버 스톤,left_only
파더앤도터,가브리엘 무치노,left_only
파라노말액티비티,오렌 펠리,left_only
파수꾼,윤성현,left_only
파스카,안선경,left_only
파우스트,알렉산더 소쿠로프,left_only
파우스트,장-루이 마르티노티,left_only
파우스트,지안드레아 노세다,left_only
파울라,크리스찬 슈뵈초브,left_only
파이어스톰,원금린,left_only
파이어위드파이어,데이빗 바렛,left_only
파커,테일러 핵포드,left_only
파크,세타 나츠키,left_only
파파,한지승,left_only
판도라,박정우,left_only
팔스타프,제임스 레바인,left_only
패딩턴,폴 킹,left_only
패밀리마트,김건,left_only
패션왕,오기환,left_only
패신저스,로드리고 가르시아,left_only
패신저스,모튼 틸덤,left_only
팬,조 라이트,left_only
팬더와친구들의모험,다카하타 이사오,left_only
퍼니게임,미카엘 하네케,left_only
퍼니게임,미카엘 하네케,left_only
퍼스트나이트,크리스토퍼 메놀,left_only
퍼스트어벤져,조 존스톤,left_only
퍼즐,나이토 에이스케,left_only
퍼즐,임진승,left_only
퍼지,안티 조키넨,left_only
퍼펙트,닐스 아르덴 오플레브,left_only
퍼펙트센스,데이빗 맥킨지,left_only
페스티발,이해영,left_only
페어러브,신연식,left_only
페어리,"도미니크 아벨,피오나 고든,브루노 로미",left_only
페이스블라인드,줄리앙 마그넷,left_only
페티쉬,손수범,left_only
펫,카를레스 토렌스,left_only
평행이론,권호영,left_only
포가튼잊혀진소녀,알렉스 슈미트,left_only
포비아,"반종 피산다나쿤,파윈 푸리킷판야,용유스 통콘툰,팍품 웡품",left_only
포스터,조나단 뉴먼,left_only
포인트브레이크,에릭슨 코어,left_only
포인트블랭크,프레드 카바예,left_only
포커스,"글렌 피카라,존 레쿼",left_only
포켓몬더무비xyz볼케니온기계왕국의비밀,유야마 쿠니히코,left_only
포크의여왕존바에즈,매리 워튼,left_only
폭스캐처,베넷 밀러,left_only
폭풍정사,국영수,left_only
폴라로이드,주호성,left_only
폴링,캐롤 몰리,left_only
폴매카트니의락쇼,폴 매카트니,left_only
풍경,장률,left_only
퓨리,데이비드 에이어,left_only
프라이버시,존 크로울리,left_only
프란치스코,베다 도캄포 페이주,left_only
프랑켄슈타인,대니 보일,left_only
프랭크,레니 에이브러햄슨,left_only
프레셔스,리 다니엘스,left_only
프레스,최정민,left_only
프로메테우스,리들리 스콧,left_only
프로젝트m,에릭 피콜리,left_only
프로젝트님,제임스 마쉬,left_only
프리덤,피터 쿠센스,left_only
프리스트,스콧 찰스 스튜어트,left_only
프리즈너스,드니 빌뇌브,left_only
프리즌,나현,left_only
플라워,"욘 가라뇨,호세 마리 고에나가",left_only
플라워즈,코이즈미 노리히로,left_only
플라이트,로버트 저메키스,left_only
플라토닉섹스,마츠우라 마사코,left_only
플랜맨,성시흡,left_only
플러스원,데니스 일리아디스,left_only
플레이,남다정,left_only
플로리스,마이클 래드포드,left_only
피가로의결혼,,left_only
피나,빔 벤더스,left_only
피스오브케이크,타구치 토모로오,left_only
피에타,김기덕,left_only
피치퍼펙트,제이슨 무어,left_only
피해자들,노진수,left_only
필동,필동,left_only
핑크,전수일,left_only
하고싶은날,장정관,left_only
하녀,임상수,left_only
하늘에서음식이내린다면,"필 로드,크리스 밀러",left_only
하드데이,필립 슈톨츨,left_only
하루,레자 미르카리미,left_only
하루,마키하라 료타로,left_only
하루,조선호,left_only
하모니,강대규,left_only
하숙집,경석호,left_only
하숙집2,정태령,left_only
하숙집여자들,조태호,left_only
하우투비,올리버 어빙,left_only
하이크,루퍼트 브라이언,left_only
하이힐,장진,left_only
하치이야기,라세 할스트롬,left_only
하트비트,자비에 돌란,left_only
하프,김세연,left_only
학교가는길,"이경묵,구중회",left_only
한나,안드레아 팔라오로,left_only
한나,조 라이트,left_only
한번더해피엔딩,마크 로렌스,left_only
할,윤용진,left_only
할매,김지곤,left_only
해결사,권혁재,left_only
해결사,니쉬칸트 카마트,left_only
해로,최종태,left_only
해무,심성보,left_only
해커스,세드릭 히메네즈,left_only
해피데스데이,크리스토퍼 랜던,left_only
해피버스데이,요시다 야스히로,left_only
햄릿,린지 터너,left_only
행방불명,카와노 코지,left_only
허니,세미 카플라노글루,left_only
허니문,리 자니악,left_only
헌트,맥 카터,left_only
헛소동,조스 웨던,left_only
헝거,스티브 맥퀸,left_only
헝거게임모킹제이,프란시스 로렌스,left_only
헤드,조운,left_only
헬로우고스트,김영탁,left_only
헬리,아마트 에스칼란테,left_only
헬프,테이트 테일러,left_only
현기증,이돈구,left_only
현상금사냥꾼,안소니 오브라이언,left_only
혈투,박훈정,left_only
형,권수경,left_only
형님아내,이돌,left_only
형님아내4우주공주춘향,이돌,left_only
형의여자,"모리카와 케이,모리오카 토시유키",left_only
호두까기인형,정성복,left_only
호두까기인형3d,안드레이 콘찰로프스키,left_only
호스트,앤드류 니콜,left_only
호프만이야기,바틀렛 셔,left_only
혼자,박홍민,left_only
홀리,박병환,left_only
홈,김종우,left_only
홈스위트홈,문시현,left_only
홈스위트홈,존K.D.그래함,left_only
홍길동의후예,정용기,left_only
화려한외출,고경아,left_only
화이트스완,로버트 크롬비,left_only
화이트하우스다운,롤랜드 에머리히,left_only
화장,임권택,left_only
화차,변영주,left_only
환상,이숭환,left_only
환상속의그대,강진아,left_only
환상의빛,고레에다 히로카즈,left_only
황제암살단,빅터 부,left_only
회복,김종철,left_only
회오리바람,장건재,left_only
후드,오토 바서스트,left_only
휴가,이수성,left_only
휴고,마틴 스콜세지,left_only
흉터,임우성,left_only
흑집사북오브더아틀란틱,아베 노리유키,left_only
히말라야,이석훈,left_only
히스테리아,타니아 웩슬러,left_only
히어로,김봉한,left_only
히어애프터,매그너스 본 혼,left_only
히어애프터,클린트 이스트우드,left_only
히어앤데어,다코 룬구로브,left_only
히치하이크,시바타 아이노스케,left_only
히트,이성한,left_only
히트맨no2살인면허,페리 반달,left_only
힘내세요병헌씨,이병헌,left_only
